time	susceptible (total) median	susceptible (total) lower bound	susceptible (total) upper bound	susceptible (0-9) median	susceptible (0-9) lower bound	susceptible (0-9) upper bound	susceptible (10-19) median	susceptible (10-19) lower bound	susceptible (10-19) upper bound	susceptible (20-29) median	susceptible (20-29) lower bound	susceptible (20-29) upper bound	susceptible (30-39) median	susceptible (30-39) lower bound	susceptible (30-39) upper bound	susceptible (40-49) median	susceptible (40-49) lower bound	susceptible (40-49) upper bound	susceptible (50-59) median	susceptible (50-59) lower bound	susceptible (50-59) upper bound	susceptible (60-69) median	susceptible (60-69) lower bound	susceptible (60-69) upper bound	susceptible (70-79) median	susceptible (70-79) lower bound	susceptible (70-79) upper bound	susceptible (80+) median	susceptible (80+) lower bound	susceptible (80+) upper bound	susceptible (total) median	susceptible (total) lower bound	susceptible (total) upper bound	severe (total) median	severe (total) lower bound	severe (total) upper bound	severe (0-9) median	severe (0-9) lower bound	severe (0-9) upper bound	severe (10-19) median	severe (10-19) lower bound	severe (10-19) upper bound	severe (20-29) median	severe (20-29) lower bound	severe (20-29) upper bound	severe (30-39) median	severe (30-39) lower bound	severe (30-39) upper bound	severe (40-49) median	severe (40-49) lower bound	severe (40-49) upper bound	severe (50-59) median	severe (50-59) lower bound	severe (50-59) upper bound	severe (60-69) median	severe (60-69) lower bound	severe (60-69) upper bound	severe (70-79) median	severe (70-79) lower bound	severe (70-79) upper bound	severe (80+) median	severe (80+) lower bound	severe (80+) upper bound	severe (total) median	severe (total) lower bound	severe (total) upper bound	ICU (total) median	ICU (total) lower bound	ICU (total) upper bound	ICU (0-9) median	ICU (0-9) lower bound	ICU (0-9) upper bound	ICU (10-19) median	ICU (10-19) lower bound	ICU (10-19) upper bound	ICU (20-29) median	ICU (20-29) lower bound	ICU (20-29) upper bound	ICU (30-39) median	ICU (30-39) lower bound	ICU (30-39) upper bound	ICU (40-49) median	ICU (40-49) lower bound	ICU (40-49) upper bound	ICU (50-59) median	ICU (50-59) lower bound	ICU (50-59) upper bound	ICU (60-69) median	ICU (60-69) lower bound	ICU (60-69) upper bound	ICU (70-79) median	ICU (70-79) lower bound	ICU (70-79) upper bound	ICU (80+) median	ICU (80+) lower bound	ICU (80+) upper bound	ICU (total) median	ICU (total) lower bound	ICU (total) upper bound	exposed (total) median	exposed (total) lower bound	exposed (total) upper bound	exposed (0-9) median	exposed (0-9) lower bound	exposed (0-9) upper bound	exposed (10-19) median	exposed (10-19) lower bound	exposed (10-19) upper bound	exposed (20-29) median	exposed (20-29) lower bound	exposed (20-29) upper bound	exposed (30-39) median	exposed (30-39) lower bound	exposed (30-39) upper bound	exposed (40-49) median	exposed (40-49) lower bound	exposed (40-49) upper bound	exposed (50-59) median	exposed (50-59) lower bound	exposed (50-59) upper bound	exposed (60-69) median	exposed (60-69) lower bound	exposed (60-69) upper bound	exposed (70-79) median	exposed (70-79) lower bound	exposed (70-79) upper bound	exposed (80+) median	exposed (80+) lower bound	exposed (80+) upper bound	exposed (total) median	exposed (total) lower bound	exposed (total) upper bound	infectious (total) median	infectious (total) lower bound	infectious (total) upper bound	infectious (0-9) median	infectious (0-9) lower bound	infectious (0-9) upper bound	infectious (10-19) median	infectious (10-19) lower bound	infectious (10-19) upper bound	infectious (20-29) median	infectious (20-29) lower bound	infectious (20-29) upper bound	infectious (30-39) median	infectious (30-39) lower bound	infectious (30-39) upper bound	infectious (40-49) median	infectious (40-49) lower bound	infectious (40-49) upper bound	infectious (50-59) median	infectious (50-59) lower bound	infectious (50-59) upper bound	infectious (60-69) median	infectious (60-69) lower bound	infectious (60-69) upper bound	infectious (70-79) median	infectious (70-79) lower bound	infectious (70-79) upper bound	infectious (80+) median	infectious (80+) lower bound	infectious (80+) upper bound	infectious (total) median	infectious (total) lower bound	infectious (total) upper bound	overflow (total) median	overflow (total) lower bound	overflow (total) upper bound	overflow (0-9) median	overflow (0-9) lower bound	overflow (0-9) upper bound	overflow (10-19) median	overflow (10-19) lower bound	overflow (10-19) upper bound	overflow (20-29) median	overflow (20-29) lower bound	overflow (20-29) upper bound	overflow (30-39) median	overflow (30-39) lower bound	overflow (30-39) upper bound	overflow (40-49) median	overflow (40-49) lower bound	overflow (40-49) upper bound	overflow (50-59) median	overflow (50-59) lower bound	overflow (50-59) upper bound	overflow (60-69) median	overflow (60-69) lower bound	overflow (60-69) upper bound	overflow (70-79) median	overflow (70-79) lower bound	overflow (70-79) upper bound	overflow (80+) median	overflow (80+) lower bound	overflow (80+) upper bound	overflow (total) median	overflow (total) lower bound	overflow (total) upper bound	cumulative recovered (total) median	cumulative recovered (total) lower bound	cumulative recovered (total) upper bound	cumulative recovered (0-9) median	cumulative recovered (0-9) lower bound	cumulative recovered (0-9) upper bound	cumulative recovered (10-19) median	cumulative recovered (10-19) lower bound	cumulative recovered (10-19) upper bound	cumulative recovered (20-29) median	cumulative recovered (20-29) lower bound	cumulative recovered (20-29) upper bound	cumulative recovered (30-39) median	cumulative recovered (30-39) lower bound	cumulative recovered (30-39) upper bound	cumulative recovered (40-49) median	cumulative recovered (40-49) lower bound	cumulative recovered (40-49) upper bound	cumulative recovered (50-59) median	cumulative recovered (50-59) lower bound	cumulative recovered (50-59) upper bound	cumulative recovered (60-69) median	cumulative recovered (60-69) lower bound	cumulative recovered (60-69) upper bound	cumulative recovered (70-79) median	cumulative recovered (70-79) lower bound	cumulative recovered (70-79) upper bound	cumulative recovered (80+) median	cumulative recovered (80+) lower bound	cumulative recovered (80+) upper bound	cumulative recovered (total) median	cumulative recovered (total) lower bound	cumulative recovered (total) upper bound	cumulative ICU (total) median	cumulative ICU (total) lower bound	cumulative ICU (total) upper bound	cumulative ICU (0-9) median	cumulative ICU (0-9) lower bound	cumulative ICU (0-9) upper bound	cumulative ICU (10-19) median	cumulative ICU (10-19) lower bound	cumulative ICU (10-19) upper bound	cumulative ICU (20-29) median	cumulative ICU (20-29) lower bound	cumulative ICU (20-29) upper bound	cumulative ICU (30-39) median	cumulative ICU (30-39) lower bound	cumulative ICU (30-39) upper bound	cumulative ICU (40-49) median	cumulative ICU (40-49) lower bound	cumulative ICU (40-49) upper bound	cumulative ICU (50-59) median	cumulative ICU (50-59) lower bound	cumulative ICU (50-59) upper bound	cumulative ICU (60-69) median	cumulative ICU (60-69) lower bound	cumulative ICU (60-69) upper bound	cumulative ICU (70-79) median	cumulative ICU (70-79) lower bound	cumulative ICU (70-79) upper bound	cumulative ICU (80+) median	cumulative ICU (80+) lower bound	cumulative ICU (80+) upper bound	cumulative ICU (total) median	cumulative ICU (total) lower bound	cumulative ICU (total) upper bound	cumulative hospitalized (total) median	cumulative hospitalized (total) lower bound	cumulative hospitalized (total) upper bound	cumulative hospitalized (0-9) median	cumulative hospitalized (0-9) lower bound	cumulative hospitalized (0-9) upper bound	cumulative hospitalized (10-19) median	cumulative hospitalized (10-19) lower bound	cumulative hospitalized (10-19) upper bound	cumulative hospitalized (20-29) median	cumulative hospitalized (20-29) lower bound	cumulative hospitalized (20-29) upper bound	cumulative hospitalized (30-39) median	cumulative hospitalized (30-39) lower bound	cumulative hospitalized (30-39) upper bound	cumulative hospitalized (40-49) median	cumulative hospitalized (40-49) lower bound	cumulative hospitalized (40-49) upper bound	cumulative hospitalized (50-59) median	cumulative hospitalized (50-59) lower bound	cumulative hospitalized (50-59) upper bound	cumulative hospitalized (60-69) median	cumulative hospitalized (60-69) lower bound	cumulative hospitalized (60-69) upper bound	cumulative hospitalized (70-79) median	cumulative hospitalized (70-79) lower bound	cumulative hospitalized (70-79) upper bound	cumulative hospitalized (80+) median	cumulative hospitalized (80+) lower bound	cumulative hospitalized (80+) upper bound	cumulative hospitalized (total) median	cumulative hospitalized (total) lower bound	cumulative hospitalized (total) upper bound	cumulative fatality (total) median	cumulative fatality (total) lower bound	cumulative fatality (total) upper bound	cumulative fatality (0-9) median	cumulative fatality (0-9) lower bound	cumulative fatality (0-9) upper bound	cumulative fatality (10-19) median	cumulative fatality (10-19) lower bound	cumulative fatality (10-19) upper bound	cumulative fatality (20-29) median	cumulative fatality (20-29) lower bound	cumulative fatality (20-29) upper bound	cumulative fatality (30-39) median	cumulative fatality (30-39) lower bound	cumulative fatality (30-39) upper bound	cumulative fatality (40-49) median	cumulative fatality (40-49) lower bound	cumulative fatality (40-49) upper bound	cumulative fatality (50-59) median	cumulative fatality (50-59) lower bound	cumulative fatality (50-59) upper bound	cumulative fatality (60-69) median	cumulative fatality (60-69) lower bound	cumulative fatality (60-69) upper bound	cumulative fatality (70-79) median	cumulative fatality (70-79) lower bound	cumulative fatality (70-79) upper bound	cumulative fatality (80+) median	cumulative fatality (80+) lower bound	cumulative fatality (80+) upper bound	cumulative fatality (total) median	cumulative fatality (total) lower bound	cumulative fatality (total) upper bound
2020-06-01	99999	99999	99999	16476	16476	16476	15791	15791	15791	15483	15483	15483	14252	14252	14252	12673	12673	12673	9790	9790	9790	7808	7808	7808	5090	5090	5090	2636	2636	2636	99999	99999	99999	0	0	0	0	0	0	0	0	0	0	0	0	0	0	0	0	0	0	0	0	0	0	0	0	0	0	0	0	0	0	0	0	0	0	0	0	0	0	0	0	0	0	0	0	0	0	0	0	0	0	0	0	0	0	0	0	0	0	0	0	0	0	0	0	0	0	1	1	1	0	0	0	0	0	0	0	0	0	0	0	0	0	0	0	1	1	1	0	0	0	0	0	0	0	0	0	1	1	1	0	0	0	0	0	0	0	0	0	0	0	0	0	0	0	0	0	0	0	0	0	0	0	0	0	0	0	0	0	0	0	0	0	0	0	0	0	0	0	0	0	0	0	0	0	0	0	0	0	0	0	0	0	0	0	0	0	0	0	0	0	0	0	0	0	0	0	0	0	0	0	0	0	0	0	0	0	0	0	0	0	0	0	0	0	0	0	0	0	0	0	0	0	0	0	0	0	0	0	0	0	0	0	0	0	0	0	0	0	0	0	0	0	0	0	0	0	0	0	0	0	0	0	0	0	0	0	0	0	0	0	0	0	0	0	0	0	0	0	0	0	0	0	0	0	0	0	0	0	0	0	0	0	0	0	0	0	0	0	0	0	0	0	0	0	0	0	0	0	0	0	0	0	0	0	0	0	0	0	0	0	0	0	0	0	0	0	0	0	0	0	0	0	0	0	0	0	0
2020-06-02	99998	99998	99998	16476	16476	16476	15791	15791	15791	15483	15483	15483	14252	14252	14252	12673	12673	12673	9790	9790	9790	7808	7808	7808	5090	5090	5090	2636	2636	2636	99998	99998	99998	0	0	0	0	0	0	0	0	0	0	0	0	0	0	0	0	0	0	0	0	0	0	0	0	0	0	0	0	0	0	0	0	0	0	0	0	0	0	0	0	0	0	0	0	0	0	0	0	0	0	0	0	0	0	0	0	0	0	0	0	0	0	0	0	0	0	2	2	2	0	0	0	0	0	0	0	0	0	0	0	0	0	0	0	1	1	1	0	0	0	0	0	0	0	0	0	2	2	2	0	0	0	0	0	0	0	0	0	0	0	0	0	0	0	0	0	0	0	0	0	0	0	0	0	0	0	0	0	0	0	0	0	0	0	0	0	0	0	0	0	0	0	0	0	0	0	0	0	0	0	0	0	0	0	0	0	0	0	0	0	0	0	0	0	0	0	0	0	0	0	0	0	0	0	0	0	0	0	0	0	0	0	0	0	0	0	0	0	0	0	0	0	0	0	0	0	0	0	0	0	0	0	0	0	0	0	0	0	0	0	0	0	0	0	0	0	0	0	0	0	0	0	0	0	0	0	0	0	0	0	0	0	0	0	0	0	0	0	0	0	0	0	0	0	0	0	0	0	0	0	0	0	0	0	0	0	0	0	0	0	0	0	0	0	0	0	0	0	0	0	0	0	0	0	0	0	0	0	0	0	0	0	0	0	0	0	0	0	0	0	0	0	0	0	0	0	0
2020-06-03	99997	99997	99997	16476	16476	16476	15791	15791	15791	15483	15483	15483	14252	14252	14252	12673	12673	12673	9790	9790	9790	7808	7808	7808	5090	5090	5090	2636	2636	2636	99997	99997	99997	0	0	0	0	0	0	0	0	0	0	0	0	0	0	0	0	0	0	0	0	0	0	0	0	0	0	0	0	0	0	0	0	0	0	0	0	0	0	0	0	0	0	0	0	0	0	0	0	0	0	0	0	0	0	0	0	0	0	0	0	0	0	0	0	0	0	2	2	2	0	0	0	0	0	0	0	0	0	0	0	0	0	0	0	0	0	1	0	0	0	0	0	0	0	0	0	2	2	2	1	1	1	0	0	0	0	0	0	0	0	0	0	0	0	0	0	0	1	1	1	0	0	0	0	0	0	0	0	0	1	1	1	0	0	0	0	0	0	0	0	0	0	0	0	0	0	0	0	0	0	0	0	0	0	0	0	0	0	0	0	0	0	0	0	0	0	0	0	0	0	0	0	0	0	0	0	0	0	0	0	0	0	0	0	0	0	0	0	0	0	0	0	0	0	0	0	0	0	0	0	0	0	0	0	0	0	0	0	0	0	0	0	0	0	0	0	0	0	0	0	0	0	0	0	0	0	0	0	0	0	0	0	0	0	0	0	0	0	0	0	0	0	0	0	0	0	0	0	0	0	0	0	0	0	0	0	0	0	0	0	0	0	0	0	0	0	0	0	0	0	0	0	0	0	0	0	0	0	0	0	0	0	0	0	0	0	0	0	0	0	0	0	0	0	0	0	0
2020-06-04	99996	99996	99996	16476	16476	16476	15791	15791	15791	15483	15483	15483	14252	14252	14252	12673	12673	12673	9790	9790	9790	7808	7808	7808	5090	5090	5090	2636	2636	2636	99996	99996	99996	0	0	0	0	0	0	0	0	0	0	0	0	0	0	0	0	0	0	0	0	0	0	0	0	0	0	0	0	0	0	0	0	0	0	0	0	0	0	0	0	0	0	0	0	0	0	0	0	0	0	0	0	0	0	0	0	0	0	0	0	0	0	0	0	0	0	3	3	3	0	0	0	0	0	0	0	0	0	0	0	0	0	0	0	0	0	0	0	0	0	0	0	0	0	0	0	3	3	3	1	1	1	0	0	0	0	0	0	0	0	0	0	0	0	0	0	0	1	1	1	0	0	0	0	0	0	0	0	0	1	1	1	0	0	0	0	0	0	0	0	0	0	0	0	0	0	0	0	0	0	0	0	0	0	0	0	0	0	0	0	0	0	0	0	0	0	0	0	0	0	0	0	0	0	0	0	0	0	0	0	0	0	0	0	0	0	0	0	0	0	0	0	0	0	0	0	0	0	0	0	0	0	0	0	0	0	0	0	0	0	0	0	0	0	0	0	0	0	0	0	0	0	0	0	0	0	0	0	0	0	0	0	0	0	0	0	0	0	0	0	0	0	0	0	0	0	0	0	0	0	0	0	0	0	0	0	0	0	0	0	0	0	0	0	0	0	0	0	0	0	0	0	0	0	0	0	0	0	0	0	0	0	0	0	0	0	0	0	0	0	0	0	0	0	0	0	0
2020-06-05	99994	99994	99994	16475	16475	16475	15790	15790	15790	15482	15482	15482	14251	14251	14251	12672	12672	12672	9789	9789	9790	7808	7808	7808	5090	5090	5090	2636	2636	2636	99994	99994	99994	0	0	0	0	0	0	0	0	0	0	0	0	0	0	0	0	0	0	0	0	0	0	0	0	0	0	0	0	0	0	0	0	0	0	0	0	0	0	0	0	0	0	0	0	0	0	0	0	0	0	0	0	0	0	0	0	0	0	0	0	0	0	0	0	0	0	3	3	3	0	0	0	0	0	0	0	0	0	0	0	0	0	0	0	0	0	0	0	0	0	0	0	0	0	0	0	3	3	3	2	2	2	0	0	0	0	0	0	0	0	0	0	0	0	0	0	0	1	1	1	0	0	0	0	0	0	0	0	0	2	2	2	0	0	0	0	0	0	0	0	0	0	0	0	0	0	0	0	0	0	0	0	0	0	0	0	0	0	0	0	0	0	0	0	0	1	1	1	0	0	0	0	0	0	0	0	0	0	0	0	0	0	0	0	0	0	0	0	0	0	0	0	0	0	0	1	1	1	0	0	0	0	0	0	0	0	0	0	0	0	0	0	0	0	0	0	0	0	0	0	0	0	0	0	0	0	0	0	0	0	0	0	0	0	0	0	0	0	0	0	0	0	0	0	0	0	0	0	0	0	0	0	0	0	0	0	0	0	0	0	0	0	0	0	0	0	0	0	0	0	0	0	0	0	0	0	0	0	0	0	0	0	0	0	0	0	0	0	0	0	0	0	0	0	0	0	0
2020-06-06	99993	99993	99993	16475	16475	16475	15790	15790	15790	15482	15482	15482	14251	14251	14251	12672	12672	12672	9789	9789	9789	7807	7807	7807	5089	5089	5089	2635	2635	2635	99993	99993	99993	0	0	0	0	0	0	0	0	0	0	0	0	0	0	0	0	0	0	0	0	0	0	0	0	0	0	0	0	0	0	0	0	0	0	0	0	0	0	0	0	0	0	0	0	0	0	0	0	0	0	0	0	0	0	0	0	0	0	0	0	0	0	0	0	0	0	4	4	4	0	0	0	0	0	0	0	0	0	0	0	0	0	0	0	0	0	0	0	0	0	0	0	0	0	0	0	4	4	4	3	3	3	0	0	0	0	0	0	0	0	0	0	0	0	0	0	0	1	1	1	0	0	0	0	0	0	0	0	0	3	3	3	0	0	0	0	0	0	0	0	0	0	0	0	0	0	0	0	0	0	0	0	0	0	0	0	0	0	0	0	0	0	0	0	0	1	1	1	0	0	0	0	0	0	0	0	0	0	0	0	0	0	0	0	0	0	0	0	0	0	0	0	0	0	0	1	1	1	0	0	0	0	0	0	0	0	0	0	0	0	0	0	0	0	0	0	0	0	0	0	0	0	0	0	0	0	0	0	0	0	0	0	0	0	0	0	0	0	0	0	0	0	0	0	0	0	0	0	0	0	0	0	0	0	0	0	0	0	0	0	0	0	0	0	0	0	0	0	0	0	0	0	0	0	0	0	0	0	0	0	0	0	0	0	0	0	0	0	0	0	0	0	0	0	0	0	0
2020-06-07	99991	99991	99992	16475	16475	16475	15790	15790	15790	15482	15482	15482	14251	14251	14251	12672	12672	12672	9789	9789	9789	7807	7807	7807	5089	5089	5089	2635	2635	2635	99991	99991	99992	0	0	0	0	0	0	0	0	0	0	0	0	0	0	0	0	0	0	0	0	0	0	0	0	0	0	0	0	0	0	0	0	0	0	0	0	0	0	0	0	0	0	0	0	0	0	0	0	0	0	0	0	0	0	0	0	0	0	0	0	0	0	0	0	0	0	4	4	4	0	0	1	0	0	1	0	0	1	0	0	0	0	0	0	0	0	0	0	0	0	0	0	0	0	0	0	4	4	4	3	3	3	0	0	0	0	0	0	0	0	0	0	0	0	0	0	0	1	1	1	0	0	0	0	0	0	0	0	0	3	3	3	0	0	0	0	0	0	0	0	0	0	0	0	0	0	0	0	0	0	0	0	0	0	0	0	0	0	0	0	0	0	0	0	0	1	1	1	0	0	0	0	0	0	0	0	0	0	0	0	0	0	0	1	1	1	0	0	0	0	0	0	0	0	0	1	1	1	0	0	0	0	0	0	0	0	0	0	0	0	0	0	0	0	0	0	0	0	0	0	0	0	0	0	0	0	0	0	0	0	0	0	0	0	0	0	0	0	0	0	0	0	0	0	0	0	0	0	0	0	0	0	0	0	0	0	0	0	0	0	0	0	0	0	0	0	0	0	0	0	0	0	0	0	0	0	0	0	0	0	0	0	0	0	0	0	0	0	0	0	0	0	0	0	0	0	0
2020-06-08	99990	99990	99990	16475	16475	16475	15790	15790	15790	15482	15482	15482	14251	14251	14251	12672	12672	12672	9789	9789	9789	7807	7807	7807	5089	5089	5089	2635	2635	2635	99990	99990	99990	0	0	0	0	0	0	0	0	0	0	0	0	0	0	0	0	0	0	0	0	0	0	0	0	0	0	0	0	0	0	0	0	0	0	0	0	0	0	0	0	0	0	0	0	0	0	0	0	0	0	0	0	0	0	0	0	0	0	0	0	0	0	0	0	0	0	4	4	5	1	1	1	1	1	1	1	1	1	1	1	1	1	0	1	0	0	0	0	0	0	0	0	0	0	0	0	4	4	5	4	4	4	0	0	0	0	0	0	0	0	0	0	0	0	0	0	0	1	1	1	0	0	0	0	0	0	0	0	0	4	4	4	0	0	0	0	0	0	0	0	0	0	0	0	0	0	0	0	0	0	0	0	0	0	0	0	0	0	0	0	0	0	0	0	0	2	2	2	0	0	0	0	0	0	0	0	0	0	0	0	0	0	0	1	1	1	0	0	0	0	0	0	0	0	0	2	2	2	0	0	0	0	0	0	0	0	0	0	0	0	0	0	0	0	0	0	0	0	0	0	0	0	0	0	0	0	0	0	0	0	0	0	0	0	0	0	0	0	0	0	0	0	0	0	0	0	0	0	0	0	0	0	0	0	0	0	0	0	0	0	0	0	0	0	0	0	0	0	0	0	0	0	0	0	0	0	0	0	0	0	0	0	0	0	0	0	0	0	0	0	0	0	0	0	0	0	0
2020-06-09	99988	99988	99988	16475	16475	16475	15790	15790	15790	15482	15482	15482	14251	14251	14251	12672	12672	12672	9789	9789	9789	7807	7807	7807	5089	5089	5089	2635	2635	2635	99988	99988	99988	0	0	0	0	0	0	0	0	0	0	0	0	0	0	0	0	0	0	0	0	0	0	0	0	0	0	0	0	0	0	0	0	0	0	0	0	0	0	0	0	0	0	0	0	0	0	0	0	0	0	0	0	0	0	0	0	0	0	0	0	0	0	0	0	0	0	5	5	5	1	1	1	1	1	1	1	1	1	1	1	1	1	1	1	1	0	1	0	0	0	0	0	0	0	0	0	5	5	5	5	5	5	1	1	1	1	1	1	1	1	1	1	1	1	1	0	1	1	1	1	0	0	0	0	0	0	0	0	0	5	5	5	0	0	0	0	0	0	0	0	0	0	0	0	0	0	0	0	0	0	0	0	0	0	0	0	0	0	0	0	0	0	0	0	0	2	2	2	0	0	0	0	0	0	0	0	0	0	0	0	0	0	0	1	1	1	0	0	0	0	0	0	0	0	0	2	2	2	0	0	0	0	0	0	0	0	0	0	0	0	0	0	0	0	0	0	0	0	0	0	0	0	0	0	0	0	0	0	0	0	0	0	0	0	0	0	0	0	0	0	0	0	0	0	0	0	0	0	0	0	0	0	0	0	0	0	0	0	0	0	0	0	0	0	0	0	0	0	0	0	0	0	0	0	0	0	0	0	0	0	0	0	0	0	0	0	0	0	0	0	0	0	0	0	0	0	0
2020-06-10	99986	99986	99987	16474	16474	16474	15789	15789	15789	15481	15481	15481	14250	14250	14251	12672	12671	12672	9789	9789	9789	7807	7807	7807	5089	5089	5089	2635	2635	2635	99986	99986	99987	0	0	0	0	0	0	0	0	0	0	0	0	0	0	0	0	0	0	0	0	0	0	0	0	0	0	0	0	0	0	0	0	0	0	0	0	0	0	0	0	0	0	0	0	0	0	0	0	0	0	0	0	0	0	0	0	0	0	0	0	0	0	0	0	0	0	5	5	6	1	1	1	1	1	1	1	1	1	1	1	1	1	1	1	1	1	1	1	0	1	0	0	0	0	0	0	5	5	6	6	5	6	1	1	1	1	1	1	1	1	1	1	1	1	1	1	1	1	1	1	1	1	1	1	0	1	0	0	0	6	5	6	0	0	0	0	0	0	0	0	0	0	0	0	0	0	0	0	0	0	0	0	0	0	0	0	0	0	0	0	0	0	0	0	0	3	3	3	0	0	0	0	0	0	0	0	0	0	0	0	0	0	0	1	1	1	0	0	0	0	0	0	0	0	0	3	3	3	0	0	0	0	0	0	0	0	0	0	0	0	0	0	0	0	0	0	0	0	0	0	0	0	0	0	0	0	0	0	0	0	0	0	0	0	0	0	0	0	0	0	0	0	0	0	0	0	0	0	0	0	0	0	0	0	0	0	0	0	0	0	0	0	0	0	0	0	0	0	0	0	0	0	0	0	0	0	0	0	0	0	0	0	0	0	0	0	0	0	0	0	0	0	0	0	0	0	0
2020-06-11	99984	99983	99985	16474	16474	16474	15789	15789	15789	15481	15481	15481	14250	14250	14250	12671	12671	12671	9788	9788	9788	7807	7806	7807	5089	5089	5089	2635	2635	2635	99984	99983	99985	0	0	0	0	0	0	0	0	0	0	0	0	0	0	0	0	0	0	0	0	0	0	0	0	0	0	0	0	0	0	0	0	0	0	0	0	0	0	0	0	0	0	0	0	0	0	0	0	0	0	0	0	0	0	0	0	0	0	0	0	0	0	0	0	0	0	6	5	6	1	1	1	1	1	1	1	1	1	1	1	1	1	1	1	1	1	1	1	1	1	0	0	0	0	0	0	6	5	6	6	6	7	1	1	1	1	1	1	1	1	1	1	1	1	1	1	1	1	1	1	1	1	1	1	1	1	1	1	1	6	6	7	0	0	0	0	0	0	0	0	0	0	0	0	0	0	0	0	0	0	0	0	0	0	0	0	0	0	0	0	0	0	0	0	0	4	4	4	0	0	0	0	0	0	0	0	0	0	0	0	0	0	0	1	1	1	0	0	0	0	0	0	0	0	0	4	4	4	0	0	0	0	0	0	0	0	0	0	0	0	0	0	0	0	0	0	0	0	0	0	0	0	0	0	0	0	0	0	0	0	0	0	0	0	0	0	0	0	0	0	0	0	0	0	0	0	0	0	0	0	0	0	0	0	0	0	0	0	0	0	0	0	0	0	0	0	0	0	0	0	0	0	0	0	0	0	0	0	0	0	0	0	0	0	0	0	0	0	0	0	0	0	0	0	0	0	0
2020-06-12	99982	99981	99983	16474	16474	16474	15789	15789	15789	15481	15481	15481	14250	14250	14250	12671	12671	12671	9788	9788	9788	7806	7806	7806	5088	5088	5089	2635	2635	2635	99982	99981	99983	0	0	0	0	0	0	0	0	0	0	0	0	0	0	0	0	0	0	0	0	0	0	0	0	0	0	0	0	0	0	0	0	0	0	0	0	0	0	0	0	0	0	0	0	0	0	0	0	0	0	0	0	0	0	0	0	0	0	0	0	0	0	0	0	0	0	6	6	6	1	1	1	1	1	1	1	1	1	1	1	1	1	1	1	1	1	1	1	1	1	0	0	1	0	0	0	6	6	6	7	7	8	1	1	1	1	1	1	1	1	1	1	1	1	1	1	1	1	1	1	1	1	1	1	1	1	1	1	1	7	7	8	0	0	0	0	0	0	0	0	0	0	0	0	0	0	0	0	0	0	0	0	0	0	0	0	0	0	0	0	0	0	0	0	0	5	5	5	1	1	1	1	0	1	1	0	1	0	0	1	0	0	0	1	1	1	0	0	0	0	0	0	0	0	0	5	5	5	0	0	0	0	0	0	0	0	0	0	0	0	0	0	0	0	0	0	0	0	0	0	0	0	0	0	0	0	0	0	0	0	0	0	0	0	0	0	0	0	0	0	0	0	0	0	0	0	0	0	0	0	0	0	0	0	0	0	0	0	0	0	0	0	0	0	0	0	0	0	0	0	0	0	0	0	0	0	0	0	0	0	0	0	0	0	0	0	0	0	0	0	0	0	0	0	0	0	0
2020-06-13	99980	99979	99981	16473	16473	16474	15788	15788	15789	15481	15480	15481	14250	14249	14250	12671	12671	12671	9788	9788	9788	7806	7806	7806	5088	5088	5088	2634	2634	2635	99980	99979	99981	0	0	0	0	0	0	0	0	0	0	0	0	0	0	0	0	0	0	0	0	0	0	0	0	0	0	0	0	0	0	0	0	0	0	0	0	0	0	0	0	0	0	0	0	0	0	0	0	0	0	0	0	0	0	0	0	0	0	0	0	0	0	0	0	0	0	6	6	7	1	1	1	1	1	1	1	1	1	1	1	1	1	1	1	1	1	1	1	1	1	1	0	1	0	0	0	6	6	7	8	8	8	1	1	1	1	1	1	1	1	1	1	1	1	1	1	1	1	1	1	1	1	1	1	1	1	1	1	1	8	8	8	0	0	0	0	0	0	0	0	0	0	0	0	0	0	0	0	0	0	0	0	0	0	0	0	0	0	0	0	0	0	0	0	0	6	6	6	1	1	1	1	1	1	1	1	1	1	1	1	1	1	1	1	1	1	1	1	1	0	0	0	0	0	0	6	6	6	0	0	0	0	0	0	0	0	0	0	0	0	0	0	0	0	0	0	0	0	0	0	0	0	0	0	0	0	0	0	0	0	0	0	0	0	0	0	0	0	0	0	0	0	0	0	0	0	0	0	0	0	0	0	0	0	0	0	0	0	0	0	0	0	0	0	0	0	0	0	0	0	0	0	0	0	0	0	0	0	0	0	0	0	0	0	0	0	0	0	0	0	0	0	0	0	0	0	0
2020-06-14	99977	99976	99979	16473	16473	16473	15788	15788	15788	15480	15480	15480	14249	14249	14249	12670	12670	12671	9788	9788	9788	7806	7806	7806	5088	5088	5088	2634	2634	2634	99977	99976	99979	0	0	0	0	0	0	0	0	0	0	0	0	0	0	0	0	0	0	0	0	0	0	0	0	0	0	0	0	0	0	0	0	0	0	0	0	0	0	0	0	0	0	0	0	0	0	0	0	0	0	0	0	0	0	0	0	0	0	0	0	0	0	0	0	0	0	7	6	8	1	1	1	1	1	1	1	1	1	1	1	1	1	1	1	1	1	1	1	1	1	1	0	1	0	0	0	7	6	8	9	8	9	1	1	1	1	1	1	1	1	1	1	1	1	1	1	1	1	1	1	1	1	1	1	1	1	1	1	1	9	8	9	0	0	0	0	0	0	0	0	0	0	0	0	0	0	0	0	0	0	0	0	0	0	0	0	0	0	0	0	0	0	0	0	0	7	7	7	1	1	1	1	1	1	1	1	1	1	1	1	1	1	1	1	1	2	1	1	1	1	1	1	0	0	0	7	7	7	0	0	0	0	0	0	0	0	0	0	0	0	0	0	0	0	0	0	0	0	0	0	0	0	0	0	0	0	0	0	0	0	0	0	0	0	0	0	0	0	0	0	0	0	0	0	0	0	0	0	0	0	0	0	0	0	0	0	0	0	0	0	0	0	0	0	0	0	0	0	0	0	0	0	0	0	0	0	0	0	0	0	0	0	0	0	0	0	0	0	0	0	0	0	0	0	0	0	0
2020-06-15	99974	99973	99976	16473	16472	16473	15788	15788	15788	15480	15480	15480	14249	14249	14249	12670	12670	12670	9787	9787	9788	7806	7805	7806	5088	5088	5088	2634	2634	2634	99974	99973	99976	0	0	0	0	0	0	0	0	0	0	0	0	0	0	0	0	0	0	0	0	0	0	0	0	0	0	0	0	0	0	0	0	0	0	0	0	0	0	0	0	0	0	0	0	0	0	0	0	0	0	0	0	0	0	0	0	0	0	0	0	0	0	0	0	0	0	7	7	8	1	1	1	1	1	1	1	1	1	1	1	1	1	1	1	1	1	1	1	1	1	1	1	1	0	0	0	7	7	8	10	9	10	1	1	1	1	1	1	1	1	1	1	1	1	1	1	1	1	1	1	1	1	1	1	1	1	1	1	1	10	9	10	0	0	0	0	0	0	0	0	0	0	0	0	0	0	0	0	0	0	0	0	0	0	0	0	0	0	0	0	0	0	0	0	0	8	8	9	1	1	1	1	1	1	1	1	1	1	1	1	1	1	1	2	2	2	1	1	1	1	1	1	1	1	1	8	8	9	0	0	0	0	0	0	0	0	0	0	0	0	0	0	0	0	0	0	0	0	0	0	0	0	0	0	0	0	0	0	0	0	0	0	0	0	0	0	0	0	0	0	0	0	0	0	0	0	0	0	0	0	0	0	0	0	0	0	0	0	0	0	0	0	0	0	0	0	0	0	0	0	0	0	0	0	0	0	0	0	0	0	0	0	0	0	0	0	0	0	0	0	0	0	0	0	0	0	0
2020-06-16	99972	99970	99974	16472	16472	16473	15787	15787	15788	15479	15479	15480	14249	14248	14249	12670	12670	12670	9787	9787	9787	7805	7805	7806	5088	5088	5088	2634	2634	2634	99972	99970	99974	0	0	0	0	0	0	0	0	0	0	0	0	0	0	0	0	0	0	0	0	0	0	0	0	0	0	0	0	0	0	0	0	0	0	0	0	0	0	0	0	0	0	0	0	0	0	0	0	0	0	0	0	0	0	0	0	0	0	0	0	0	0	0	0	0	0	8	7	9	1	1	1	1	1	1	1	1	1	1	1	1	1	1	1	1	1	1	1	1	1	1	1	1	0	0	0	8	7	9	11	10	12	1	1	2	1	1	2	1	1	2	1	1	1	1	1	1	1	1	1	1	1	1	1	1	1	1	1	1	11	10	12	0	0	0	0	0	0	0	0	0	0	0	0	0	0	0	0	0	0	0	0	0	0	0	0	0	0	0	0	0	0	0	0	0	10	9	10	1	1	1	1	1	1	1	1	1	1	1	1	1	1	1	2	2	2	1	1	1	1	1	1	1	1	1	10	9	10	0	0	0	0	0	0	0	0	0	0	0	0	0	0	0	0	0	0	0	0	0	0	0	0	0	0	0	0	0	0	0	0	0	0	0	0	0	0	0	0	0	0	0	0	0	0	0	0	0	0	0	0	0	0	0	0	0	0	0	0	0	0	0	0	0	0	0	0	0	0	0	0	0	0	0	0	0	0	0	0	0	0	0	0	0	0	0	0	0	0	0	0	0	0	0	0	0	0	0
2020-06-17	99969	99966	99971	16472	16471	16472	15787	15787	15787	15479	15479	15479	14248	14248	14249	12669	12669	12670	9787	9787	9787	7805	7805	7805	5087	5087	5088	2634	2634	2634	99969	99966	99971	0	0	0	0	0	0	0	0	0	0	0	0	0	0	0	0	0	0	0	0	0	0	0	0	0	0	0	0	0	0	0	0	0	0	0	0	0	0	0	0	0	0	0	0	0	0	0	0	0	0	0	0	0	0	0	0	0	0	0	0	0	0	0	0	0	0	8	7	9	1	1	1	1	1	1	1	1	1	1	1	1	1	1	1	1	1	1	1	1	1	1	1	1	0	0	0	8	7	9	12	11	13	2	1	2	2	1	2	2	1	2	1	1	2	1	1	1	1	1	1	1	1	1	1	1	1	1	1	1	12	11	13	0	0	0	0	0	0	0	0	0	0	0	0	0	0	0	0	0	0	0	0	0	0	0	0	0	0	0	0	0	0	0	0	0	11	11	12	1	1	1	1	1	1	1	1	1	1	1	1	1	1	1	2	2	2	1	1	1	1	1	1	1	1	1	11	11	12	0	0	0	0	0	0	0	0	0	0	0	0	0	0	0	0	0	0	0	0	0	0	0	0	0	0	0	0	0	0	0	0	0	1	1	1	0	0	0	0	0	0	0	0	0	0	0	0	0	0	0	0	0	0	0	0	0	0	0	0	0	0	0	1	1	1	0	0	0	0	0	0	0	0	0	0	0	0	0	0	0	0	0	0	0	0	0	0	0	0	0	0	0	0	0	0	0	0	0
2020-06-18	99966	99963	99969	16471	16471	16472	15787	15786	15787	15479	15478	15479	14248	14247	14248	12669	12669	12669	9786	9786	9787	7805	7805	7805	5087	5087	5087	2634	2634	2634	99966	99963	99969	0	0	0	0	0	0	0	0	0	0	0	0	0	0	0	0	0	0	0	0	0	0	0	0	0	0	0	0	0	0	0	0	0	0	0	0	0	0	0	0	0	0	0	0	0	0	0	0	0	0	0	0	0	0	0	0	0	0	0	0	0	0	0	0	0	0	9	8	10	1	1	1	1	1	1	1	1	1	1	1	1	1	1	1	1	1	1	1	1	1	1	1	1	0	0	1	9	8	10	12	12	14	2	2	2	2	2	2	2	2	2	2	1	2	1	1	2	1	1	2	1	1	1	1	1	1	1	1	1	12	12	14	0	0	0	0	0	0	0	0	0	0	0	0	0	0	0	0	0	0	0	0	0	0	0	0	0	0	0	0	0	0	0	0	0	13	12	14	2	2	2	2	2	2	2	1	2	2	1	2	1	1	2	2	2	2	1	1	1	1	1	1	1	1	1	13	12	14	0	0	0	0	0	0	0	0	0	0	0	0	0	0	0	0	0	0	0	0	0	0	0	0	0	0	0	0	0	0	0	0	0	1	1	1	0	0	0	0	0	0	0	0	0	0	0	0	0	0	0	0	0	0	0	0	0	0	0	0	0	0	0	1	1	1	0	0	0	0	0	0	0	0	0	0	0	0	0	0	0	0	0	0	0	0	0	0	0	0	0	0	0	0	0	0	0	0	0
2020-06-19	99962	99959	99966	16471	16470	16471	15786	15786	15787	15478	15478	15479	14247	14247	14248	12669	12668	12669	9786	9786	9787	7805	7804	7805	5087	5087	5087	2634	2633	2634	99962	99959	99966	0	0	0	0	0	0	0	0	0	0	0	0	0	0	0	0	0	0	0	0	0	0	0	0	0	0	0	0	0	0	0	0	0	0	0	0	0	0	0	0	0	0	0	0	0	0	0	0	0	0	0	0	0	0	0	0	0	0	0	0	0	0	0	0	0	0	9	8	11	1	1	2	1	1	2	1	1	2	1	1	1	1	1	1	1	1	1	1	1	1	1	1	1	0	0	1	9	8	11	13	12	15	2	2	2	2	2	2	2	2	2	2	2	2	2	1	2	1	1	2	1	1	1	1	1	1	1	1	1	13	12	15	0	0	0	0	0	0	0	0	0	0	0	0	0	0	0	0	0	0	0	0	0	0	0	0	0	0	0	0	0	0	0	0	0	15	14	16	2	2	2	2	2	2	2	2	2	2	2	2	2	2	2	2	2	2	1	1	1	1	1	1	1	1	1	15	14	16	0	0	0	0	0	0	0	0	0	0	0	0	0	0	0	0	0	0	0	0	0	0	0	0	0	0	0	0	0	0	0	0	0	1	1	1	0	0	0	0	0	0	0	0	0	0	0	0	0	0	0	0	0	0	0	0	0	0	0	0	0	0	0	1	1	1	0	0	0	0	0	0	0	0	0	0	0	0	0	0	0	0	0	0	0	0	0	0	0	0	0	0	0	0	0	0	0	0	0
2020-06-20	99959	99955	99963	16470	16470	16471	15786	15785	15786	15478	15477	15478	14247	14246	14247	12668	12668	12669	9786	9785	9786	7804	7804	7805	5087	5087	5087	2633	2633	2633	99959	99955	99963	0	0	0	0	0	0	0	0	0	0	0	0	0	0	0	0	0	0	0	0	0	0	0	0	0	0	0	0	0	0	0	0	0	0	0	0	0	0	0	0	0	0	0	0	0	0	0	0	0	0	0	0	0	0	0	0	0	0	0	0	0	0	0	0	0	0	10	8	11	1	1	2	1	1	2	1	1	2	1	1	2	1	1	1	1	1	1	1	1	1	1	1	1	1	0	1	10	8	11	14	13	16	2	2	2	2	2	2	2	2	2	2	2	2	2	2	2	2	1	2	1	1	1	1	1	1	1	1	1	14	13	16	0	0	0	0	0	0	0	0	0	0	0	0	0	0	0	0	0	0	0	0	0	0	0	0	0	0	0	0	0	0	0	0	0	17	16	18	2	2	2	2	2	2	2	2	2	2	2	2	2	2	2	3	3	3	2	1	2	1	1	1	1	1	1	17	16	18	0	0	0	0	0	0	0	0	0	0	0	0	0	0	0	0	0	0	0	0	0	0	0	0	0	0	0	0	0	0	0	0	0	1	1	1	0	0	0	0	0	0	0	0	0	0	0	0	0	0	0	0	0	0	0	0	0	0	0	0	0	0	0	1	1	1	0	0	0	0	0	0	0	0	0	0	0	0	0	0	0	0	0	0	0	0	0	0	0	0	0	0	0	0	0	0	0	0	0
2020-06-21	99955	99951	99960	16470	16469	16471	15785	15784	15786	15477	15476	15478	14246	14246	14247	12668	12667	12668	9785	9785	9786	7804	7804	7804	5087	5086	5087	2633	2633	2633	99955	99951	99960	0	0	0	0	0	0	0	0	0	0	0	0	0	0	0	0	0	0	0	0	0	0	0	0	0	0	0	0	0	0	0	0	0	0	0	0	0	0	0	0	0	0	0	0	0	0	0	0	0	0	0	0	0	0	0	0	0	0	0	0	0	0	0	0	0	0	10	9	12	2	1	2	1	1	2	1	1	2	1	1	2	1	1	1	1	1	1	1	1	1	1	1	1	1	0	1	10	9	12	15	14	17	2	2	3	2	2	2	2	2	2	2	2	2	2	2	2	2	2	2	1	1	2	1	1	1	1	1	1	15	14	17	0	0	0	0	0	0	0	0	0	0	0	0	0	0	0	0	0	0	0	0	0	0	0	0	0	0	0	0	0	0	0	0	0	19	18	20	2	2	3	2	2	3	2	2	3	2	2	2	2	2	2	3	3	3	2	2	2	1	1	2	1	1	1	19	18	20	0	0	0	0	0	0	0	0	0	0	0	0	0	0	0	0	0	0	0	0	0	0	0	0	0	0	0	0	0	0	0	0	0	1	1	1	0	0	0	0	0	0	0	0	0	0	0	0	0	0	0	0	0	0	0	0	0	0	0	0	0	0	0	1	1	1	0	0	0	0	0	0	0	0	0	0	0	0	0	0	0	0	0	0	0	0	0	0	0	0	0	0	0	0	0	0	0	0	0
2020-06-22	99951	99947	99957	16469	16468	16470	15784	15784	15785	15477	15476	15477	14246	14245	14247	12667	12667	12668	9785	9785	9786	7804	7803	7804	5086	5086	5087	2633	2633	2633	99951	99947	99957	0	0	0	0	0	0	0	0	0	0	0	0	0	0	0	0	0	0	0	0	0	0	0	0	0	0	0	0	0	0	0	0	0	0	0	0	0	0	0	0	0	0	0	0	0	0	0	0	0	0	0	0	0	0	0	0	0	0	0	0	0	0	0	0	0	0	11	9	13	2	1	2	2	1	2	2	1	2	1	1	2	1	1	2	1	1	1	1	1	1	1	1	1	1	0	1	11	9	13	16	15	19	2	2	3	2	2	3	2	2	3	2	2	2	2	2	2	2	2	2	1	1	2	1	1	1	1	1	1	16	15	19	0	0	0	0	0	0	0	0	0	0	0	0	0	0	0	0	0	0	0	0	0	0	0	0	0	0	0	0	0	0	0	0	0	21	20	23	3	3	3	3	3	3	3	2	3	3	2	3	2	2	3	3	3	3	2	2	2	2	2	2	1	1	1	21	20	23	0	0	0	0	0	0	0	0	0	0	0	0	0	0	0	0	0	0	0	0	0	0	0	0	0	0	0	0	0	0	0	0	0	1	1	1	0	0	0	0	0	0	0	0	0	0	0	0	0	0	0	0	0	0	0	0	0	0	0	0	0	0	0	1	1	1	0	0	0	0	0	0	0	0	0	0	0	0	0	0	0	0	0	0	0	0	0	0	0	0	0	0	0	0	0	0	0	0	0
2020-06-23	99947	99942	99953	16469	16468	16470	15784	15783	15785	15476	15475	15477	14245	14245	14246	12667	12666	12668	9785	9784	9785	7803	7803	7804	5086	5086	5086	2633	2633	2633	99947	99942	99953	0	0	0	0	0	0	0	0	0	0	0	0	0	0	0	0	0	0	0	0	0	0	0	0	0	0	0	0	0	0	0	0	0	0	0	0	0	0	0	0	0	0	0	0	0	0	0	0	0	0	0	0	0	0	0	0	0	0	0	0	0	0	0	0	0	0	11	10	13	2	1	2	2	1	2	2	1	2	1	1	2	1	1	2	1	1	1	1	1	1	1	1	1	1	1	1	11	10	13	17	16	20	3	2	3	2	2	3	2	2	3	2	2	3	2	2	2	2	2	2	2	1	2	1	1	1	1	1	1	17	16	20	0	0	0	0	0	0	0	0	0	0	0	0	0	0	0	0	0	0	0	0	0	0	0	0	0	0	0	0	0	0	0	0	0	23	22	26	3	3	3	3	3	3	3	3	3	3	3	3	3	3	3	3	3	4	2	2	2	2	2	2	1	1	1	23	22	26	0	0	0	0	0	0	0	0	0	0	0	0	0	0	0	0	0	0	0	0	0	0	0	0	0	0	0	0	0	0	0	0	0	1	1	1	0	0	0	0	0	0	0	0	0	0	0	0	0	0	0	0	0	0	0	0	0	0	0	0	0	0	0	1	1	1	0	0	0	0	0	0	0	0	0	0	0	0	0	0	0	0	0	0	0	0	0	0	0	0	0	0	0	0	0	0	0	0	0
2020-06-24	99943	99937	99950	16468	16467	16469	15783	15782	15784	15475	15474	15476	14245	14244	14246	12666	12666	12667	9784	9784	9785	7803	7802	7803	5086	5085	5086	2633	2632	2633	99943	99937	99950	0	0	0	0	0	0	0	0	0	0	0	0	0	0	0	0	0	0	0	0	0	0	0	0	0	0	0	0	0	0	0	0	0	0	0	0	0	0	0	0	0	0	0	0	0	0	0	0	0	0	0	0	0	0	0	0	0	0	0	0	0	0	0	0	0	0	12	10	14	2	1	2	2	1	2	2	1	2	2	1	2	1	1	2	1	1	1	1	1	1	1	1	1	1	1	1	12	10	14	19	16	21	3	2	3	3	2	3	3	2	3	2	2	3	2	2	3	2	2	2	2	2	2	1	1	1	1	1	1	19	16	21	0	0	0	0	0	0	0	0	0	0	0	0	0	0	0	0	0	0	0	0	0	0	0	0	0	0	0	0	0	0	0	0	0	26	24	28	4	3	4	3	3	4	3	3	4	3	3	4	3	3	3	4	3	4	2	2	3	2	2	2	2	1	2	26	24	28	0	0	0	0	0	0	0	0	0	0	0	0	0	0	0	0	0	0	0	0	0	0	0	0	0	0	0	0	0	0	0	0	0	1	1	1	0	0	0	0	0	0	0	0	0	0	0	0	0	0	0	0	0	0	0	0	0	0	0	0	0	0	0	1	1	1	0	0	0	0	0	0	0	0	0	0	0	0	0	0	0	0	0	0	0	0	0	0	0	0	0	0	0	0	0	0	0	0	0
2020-06-25	99939	99932	99947	16467	16466	16469	15783	15782	15784	15475	15474	15476	14244	14243	14245	12666	12665	12667	9784	9783	9785	7803	7802	7803	5085	5085	5086	2632	2632	2633	99939	99932	99947	0	0	0	0	0	0	0	0	0	0	0	0	0	0	0	0	0	0	0	0	0	0	0	0	0	0	0	0	0	0	0	0	0	0	0	0	0	0	0	0	0	0	0	0	0	0	0	0	0	0	0	0	0	0	0	0	0	0	0	0	0	0	0	0	0	0	12	10	15	2	2	2	2	1	2	2	1	2	2	1	2	2	1	2	1	1	2	1	1	1	1	1	1	1	1	1	12	10	15	20	17	23	3	2	3	3	2	3	3	2	3	3	2	3	2	2	3	2	2	2	2	2	2	1	1	2	1	1	1	20	17	23	0	0	0	0	0	0	0	0	0	0	0	0	0	0	0	0	0	0	0	0	0	0	0	0	0	0	0	0	0	0	0	0	0	29	27	32	4	4	4	4	3	4	4	3	4	4	3	4	3	3	4	4	4	4	3	2	3	2	2	2	2	2	2	29	27	32	0	0	0	0	0	0	0	0	0	0	0	0	0	0	0	0	0	0	0	0	0	0	0	0	0	0	0	0	0	0	0	0	0	1	1	1	0	0	0	0	0	0	0	0	0	0	0	0	0	0	0	0	0	0	0	0	0	0	0	0	0	0	1	1	1	1	0	0	0	0	0	0	0	0	0	0	0	0	0	0	0	0	0	0	0	0	0	0	0	0	0	0	0	0	0	0	0	0	0
2020-06-26	99934	99926	99943	16467	16465	16468	15782	15781	15783	15474	15473	15475	14244	14242	14245	12665	12664	12666	9783	9783	9784	7802	7802	7803	5085	5085	5086	2632	2632	2632	99934	99926	99943	0	0	0	0	0	0	0	0	0	0	0	0	0	0	0	0	0	0	0	0	0	0	0	0	0	0	0	0	0	0	0	0	0	0	0	0	0	0	0	0	0	0	0	0	0	0	0	0	0	0	0	0	0	0	0	0	0	0	0	0	0	0	0	0	0	0	13	11	16	2	2	2	2	2	2	2	2	2	2	1	2	2	1	2	1	1	2	1	1	1	1	1	1	1	1	1	13	11	16	21	18	24	3	3	4	3	3	4	3	3	3	3	2	3	3	2	3	2	2	3	2	2	2	1	1	2	1	1	1	21	18	24	0	0	0	0	0	0	0	0	0	0	0	0	0	0	0	0	0	0	0	0	0	0	0	0	0	0	0	0	0	0	0	0	0	31	29	35	4	4	5	4	4	5	4	4	5	4	4	4	4	3	4	4	4	5	3	3	3	2	2	2	2	2	2	31	29	35	0	0	0	0	0	0	0	0	0	0	0	0	0	0	0	0	0	0	0	0	0	0	0	0	0	0	0	0	0	0	0	0	0	1	1	1	0	0	0	0	0	0	0	0	0	0	0	0	0	0	0	0	0	0	0	0	0	0	0	0	1	1	1	1	1	1	0	0	0	0	0	0	0	0	0	0	0	0	0	0	0	0	0	0	0	0	0	0	0	0	0	0	0	0	0	0	0	0	0
2020-06-27	99930	99921	99939	16466	16464	16468	15781	15780	15783	15473	15472	15475	14243	14242	14244	12665	12663	12666	9783	9782	9784	7802	7801	7802	5085	5084	5085	2632	2632	2632	99930	99921	99939	0	0	0	0	0	0	0	0	0	0	0	0	0	0	0	0	0	0	0	0	0	0	0	0	0	0	0	0	0	0	0	0	0	0	0	0	0	0	0	0	0	0	0	0	0	0	0	0	0	0	0	0	0	0	0	0	0	0	0	0	0	0	0	0	0	0	13	11	17	2	2	3	2	2	3	2	2	2	2	1	2	2	1	2	1	1	2	1	1	1	1	1	1	1	1	1	13	11	17	22	19	26	3	3	4	3	3	4	3	3	4	3	2	3	3	2	3	2	2	3	2	2	2	2	1	2	1	1	1	22	19	26	0	0	0	0	0	0	0	0	0	0	0	0	0	0	0	0	0	0	0	0	0	0	0	0	0	0	0	0	0	0	0	0	0	34	32	38	5	4	5	5	4	5	5	4	5	4	4	5	4	4	5	4	4	5	3	3	3	3	2	3	2	2	2	34	32	38	1	1	1	0	0	0	0	0	0	0	0	0	0	0	0	0	0	0	0	0	0	0	0	0	0	0	0	0	0	0	1	1	1	1	1	1	0	0	0	0	0	0	0	0	0	0	0	0	0	0	0	0	0	0	0	0	0	0	0	0	1	1	1	1	1	1	0	0	0	0	0	0	0	0	0	0	0	0	0	0	0	0	0	0	0	0	0	0	0	0	0	0	0	0	0	0	0	0	0
2020-06-28	99925	99915	99935	16465	16464	16467	15781	15779	15782	15473	15471	15474	14242	14241	14244	12664	12663	12665	9782	9781	9783	7801	7801	7802	5085	5084	5085	2632	2631	2632	99925	99915	99935	0	0	0	0	0	0	0	0	0	0	0	0	0	0	0	0	0	0	0	0	0	0	0	0	0	0	0	0	0	0	0	0	0	0	0	0	0	0	0	0	0	0	0	0	0	0	0	0	0	0	0	0	0	0	0	0	0	0	0	0	0	0	0	0	0	0	14	12	18	2	2	3	2	2	3	2	2	3	2	2	2	2	1	2	1	1	2	1	1	1	1	1	1	1	1	1	14	12	18	23	20	28	3	3	4	3	3	4	3	3	4	3	3	4	3	2	3	2	2	3	2	2	2	2	1	2	1	1	1	23	20	28	0	0	0	0	0	0	0	0	0	0	0	0	0	0	0	0	0	0	0	0	0	0	0	0	0	0	0	0	0	0	0	0	0	38	34	42	5	5	6	5	5	6	5	5	6	5	4	5	4	4	5	5	5	5	3	3	4	3	3	3	2	2	2	38	34	42	1	1	1	0	0	0	0	0	0	0	0	0	0	0	0	0	0	0	0	0	0	0	0	0	0	0	0	0	0	0	1	1	1	2	1	2	0	0	0	0	0	0	0	0	0	0	0	0	0	0	0	0	0	0	0	0	0	0	0	0	1	1	1	2	1	2	0	0	0	0	0	0	0	0	0	0	0	0	0	0	0	0	0	0	0	0	0	0	0	0	0	0	0	0	0	0	0	0	0
2020-06-29	99919	99908	99931	16464	16463	16466	15780	15778	15782	15472	15470	15474	14242	14240	14243	12663	12662	12665	9782	9781	9783	7801	7800	7802	5084	5084	5085	2632	2631	2632	99919	99908	99931	0	0	0	0	0	0	0	0	0	0	0	0	0	0	0	0	0	0	0	0	0	0	0	0	0	0	0	0	0	0	0	0	0	0	0	0	0	0	0	0	0	0	0	0	0	0	0	0	0	0	0	0	0	0	0	0	0	0	0	0	0	0	0	0	0	0	15	12	19	2	2	3	2	2	3	2	2	3	2	2	3	2	1	2	1	1	2	1	1	2	1	1	1	1	1	1	15	12	19	24	21	29	4	3	4	3	3	4	3	3	4	3	3	4	3	3	4	2	2	3	2	2	3	2	1	2	1	1	1	24	21	29	0	0	0	0	0	0	0	0	0	0	0	0	0	0	0	0	0	0	0	0	0	0	0	0	0	0	0	0	0	0	0	0	0	41	37	46	6	5	7	6	5	6	6	5	6	5	5	6	5	4	6	5	5	6	4	3	4	3	3	3	2	2	2	41	37	46	1	1	1	0	0	0	0	0	0	0	0	0	0	0	0	0	0	0	0	0	0	0	0	0	0	0	0	0	0	0	1	1	1	2	2	2	0	0	0	0	0	0	0	0	0	0	0	0	0	0	0	0	0	0	0	0	0	0	0	0	1	1	1	2	2	2	0	0	0	0	0	0	0	0	0	0	0	0	0	0	0	0	0	0	0	0	0	0	0	0	0	0	0	0	0	0	0	0	0
2020-06-30	99914	99902	99927	16464	16462	16466	15779	15777	15781	15471	15469	15473	14241	14239	14243	12663	12661	12664	9781	9780	9783	7800	7799	7801	5084	5083	5085	2631	2631	2632	99914	99902	99927	0	0	0	0	0	0	0	0	0	0	0	0	0	0	0	0	0	0	0	0	0	0	0	0	0	0	0	0	0	0	0	0	0	0	0	0	0	0	0	0	0	0	0	0	0	0	0	0	0	0	0	0	0	0	0	0	0	0	0	0	0	0	0	0	0	0	15	12	20	2	2	3	2	2	3	2	2	3	2	2	3	2	2	2	2	1	2	1	1	2	1	1	1	1	1	1	15	12	20	25	22	31	4	3	5	4	3	5	4	3	4	3	3	4	3	3	4	3	2	3	2	2	3	2	2	2	1	1	1	25	22	31	0	0	0	0	0	0	0	0	0	0	0	0	0	0	0	0	0	0	0	0	0	0	0	0	0	0	0	0	0	0	0	0	0	44	40	50	6	6	7	6	5	7	6	5	7	6	5	7	5	5	6	6	5	6	4	4	4	3	3	3	2	2	3	44	40	50	1	1	1	0	0	0	0	0	0	0	0	0	0	0	0	0	0	0	0	0	0	0	0	0	0	0	0	0	0	0	1	1	1	2	2	2	0	0	0	0	0	0	0	0	0	0	0	0	0	0	0	0	0	0	0	0	0	0	0	1	1	1	1	2	2	2	0	0	0	0	0	0	0	0	0	0	0	0	0	0	0	0	0	0	0	0	0	0	0	0	0	0	0	0	0	0	0	0	0
2020-07-01	99909	99895	99923	16463	16460	16465	15778	15776	15780	15470	15468	15473	14240	14238	14242	12662	12660	12664	9781	9779	9782	7800	7799	7801	5084	5083	5084	2631	2631	2631	99909	99895	99923	0	0	0	0	0	0	0	0	0	0	0	0	0	0	0	0	0	0	0	0	0	0	0	0	0	0	0	0	0	0	0	0	0	0	0	0	0	0	0	0	0	0	0	0	0	0	0	0	0	0	0	0	0	0	0	0	0	0	0	0	0	0	0	0	0	0	16	13	21	2	2	3	2	2	3	2	2	3	2	2	3	2	2	3	2	1	2	1	1	2	1	1	1	1	1	1	16	13	21	27	23	33	4	3	5	4	3	5	4	3	5	4	3	4	3	3	4	3	2	3	2	2	3	2	2	2	1	1	1	27	23	33	0	0	0	0	0	0	0	0	0	0	0	0	0	0	0	0	0	0	0	0	0	0	0	0	0	0	0	0	0	0	0	0	0	48	43	55	7	6	8	7	6	8	7	6	8	6	6	7	6	5	7	6	5	7	4	4	5	3	3	4	3	2	3	48	43	55	1	1	1	0	0	0	0	0	0	0	0	0	0	0	0	0	0	0	0	0	0	0	0	0	0	0	0	0	0	0	1	1	1	2	2	2	0	0	0	0	0	0	0	0	0	0	0	0	0	0	0	0	0	0	0	0	0	1	0	1	1	1	1	2	2	2	0	0	0	0	0	0	0	0	0	0	0	0	0	0	0	0	0	0	0	0	0	0	0	0	0	0	0	0	0	0	0	0	0
2020-07-02	99903	99887	99919	16462	16459	16464	15777	15775	15780	15469	15467	15472	14239	14237	14242	12661	12659	12663	9780	9779	9782	7799	7798	7801	5083	5082	5084	2631	2630	2631	99903	99887	99919	0	0	0	0	0	0	0	0	0	0	0	0	0	0	0	0	0	0	0	0	0	0	0	0	0	0	0	0	0	0	0	0	0	0	0	0	0	0	0	0	0	0	0	0	0	0	0	0	0	0	0	0	0	0	0	0	0	0	0	0	0	0	0	0	0	0	16	13	22	3	2	3	2	2	3	2	2	3	2	2	3	2	2	3	2	1	2	1	1	2	1	1	1	1	1	1	16	13	22	28	24	35	4	4	5	4	3	5	4	3	5	4	3	5	3	3	4	3	2	3	2	2	3	2	2	2	1	1	1	28	24	35	0	0	0	0	0	0	0	0	0	0	0	0	0	0	0	0	0	0	0	0	0	0	0	0	0	0	0	0	0	0	0	0	0	52	47	60	7	7	9	7	6	8	7	6	8	7	6	8	6	6	7	6	6	7	5	4	5	4	3	4	3	3	3	52	47	60	1	1	1	0	0	0	0	0	0	0	0	0	0	0	0	0	0	0	0	0	0	0	0	0	0	0	0	0	0	0	1	1	1	2	2	2	0	0	0	0	0	0	0	0	0	0	0	0	0	0	0	0	0	0	0	0	0	1	1	1	1	1	1	2	2	2	0	0	0	0	0	0	0	0	0	0	0	0	0	0	0	0	0	0	0	0	0	0	0	0	0	0	0	0	0	0	0	0	0
2020-07-03	99897	99880	99914	16461	16458	16464	15776	15774	15779	15469	15466	15471	14238	14236	14241	12661	12658	12663	9780	9778	9781	7799	7798	7800	5083	5082	5084	2631	2630	2631	99897	99880	99914	0	0	0	0	0	0	0	0	0	0	0	0	0	0	0	0	0	0	0	0	0	0	0	0	0	0	0	0	0	0	0	0	0	0	0	1	0	0	0	0	0	0	0	0	0	0	0	0	0	0	0	0	0	0	0	0	0	0	0	0	0	0	0	0	0	1	17	14	23	3	2	4	3	2	3	3	2	3	2	2	3	2	2	3	2	1	2	1	1	2	1	1	1	1	1	1	17	14	23	29	24	37	4	4	6	4	4	5	4	3	5	4	3	5	4	3	5	3	2	4	3	2	3	2	2	2	1	1	2	29	24	37	0	0	0	0	0	0	0	0	0	0	0	0	0	0	0	0	0	0	0	0	0	0	0	0	0	0	0	0	0	0	0	0	0	56	50	65	8	7	9	8	7	9	8	7	9	7	6	9	7	6	8	7	6	8	5	4	6	4	4	4	3	3	3	56	50	65	1	1	1	0	0	0	0	0	0	0	0	0	0	0	0	0	0	0	0	0	0	0	0	0	0	0	0	0	0	0	1	1	1	2	2	2	0	0	0	0	0	0	0	0	0	0	0	0	0	0	0	0	0	0	0	0	0	1	1	1	1	1	1	2	2	2	0	0	0	0	0	0	0	0	0	0	0	0	0	0	0	0	0	0	0	0	0	0	0	0	0	0	0	0	0	0	0	0	0
2020-07-04	99890	99872	99909	16460	16457	16463	15775	15772	15778	15468	15465	15471	14238	14235	14240	12660	12657	12662	9779	9777	9781	7798	7797	7800	5082	5082	5083	2630	2630	2631	99890	99872	99909	0	0	0	0	0	0	0	0	0	0	0	0	0	0	0	0	0	0	0	0	0	0	0	0	0	0	0	0	0	0	0	0	0	0	0	1	0	0	0	0	0	0	0	0	0	0	0	0	0	0	0	0	0	0	0	0	0	0	0	0	0	0	0	0	0	1	18	14	24	3	2	4	3	2	4	3	2	4	2	2	3	2	2	3	2	1	2	1	1	2	1	1	1	1	1	1	18	14	24	31	25	39	5	4	6	4	4	6	4	4	6	4	3	5	4	3	5	3	3	4	3	2	3	2	2	2	1	1	2	31	25	39	0	0	0	0	0	0	0	0	0	0	0	0	0	0	0	0	0	0	0	0	0	0	0	0	0	0	0	0	0	0	0	0	0	60	54	70	9	8	10	8	7	10	8	7	10	8	7	9	7	6	8	7	6	8	5	5	6	4	4	5	3	3	3	60	54	70	1	1	1	0	0	0	0	0	0	0	0	0	0	0	0	0	0	0	0	0	0	0	0	0	0	0	0	0	0	0	1	1	1	2	2	3	0	0	0	0	0	0	0	0	0	0	0	0	0	0	0	0	0	0	0	0	0	1	1	1	1	1	1	2	2	3	0	0	0	0	0	0	0	0	0	0	0	0	0	0	0	0	0	0	0	0	0	0	0	0	0	0	0	0	0	0	0	0	0
2020-07-05	99884	99863	99905	16459	16455	16462	15774	15771	15778	15467	15463	15470	14237	14234	14240	12659	12656	12662	9778	9776	9780	7798	7796	7800	5082	5081	5083	2630	2630	2631	99884	99863	99905	0	0	1	0	0	0	0	0	0	0	0	0	0	0	0	0	0	0	0	0	0	0	0	0	0	0	0	0	0	0	0	0	1	1	0	1	0	0	0	0	0	0	0	0	0	0	0	0	0	0	0	0	0	0	0	0	0	0	0	0	0	0	0	1	0	1	18	15	25	3	2	4	3	2	4	3	2	4	3	2	3	2	2	3	2	1	2	2	1	2	1	1	1	1	1	1	18	15	25	32	26	41	5	4	6	5	4	6	5	4	6	4	4	6	4	3	5	3	3	4	3	2	3	2	2	2	1	1	2	32	26	41	0	0	0	0	0	0	0	0	0	0	0	0	0	0	0	0	0	0	0	0	0	0	0	0	0	0	0	0	0	0	0	0	0	65	57	75	9	8	11	9	8	11	9	8	11	8	7	10	8	7	9	8	7	9	6	5	6	4	4	5	3	3	3	65	57	75	1	1	1	0	0	0	0	0	0	0	0	0	0	0	0	0	0	0	0	0	0	0	0	0	0	0	0	0	0	1	1	1	1	2	2	3	0	0	0	0	0	0	0	0	0	0	0	0	0	0	0	0	0	0	0	0	1	1	1	1	1	1	1	2	2	3	0	0	0	0	0	0	0	0	0	0	0	0	0	0	0	0	0	0	0	0	0	0	0	0	0	0	0	0	0	0	0	0	0
2020-07-06	99877	99855	99900	16458	16454	16462	15773	15770	15777	15466	15462	15469	14236	14233	14239	12658	12655	12661	9778	9775	9780	7797	7796	7799	5082	5081	5083	2630	2629	2630	99877	99855	99900	0	0	1	0	0	0	0	0	0	0	0	0	0	0	0	0	0	0	0	0	0	0	0	0	0	0	0	0	0	0	0	0	1	1	1	1	0	0	0	0	0	0	0	0	0	0	0	0	0	0	0	0	0	0	0	0	0	0	0	0	0	0	0	1	1	1	19	15	26	3	2	4	3	2	4	3	2	4	3	2	4	2	2	3	2	2	3	2	1	2	1	1	2	1	1	1	19	15	26	33	27	43	5	4	7	5	4	6	5	4	6	5	4	6	4	3	5	3	3	4	3	2	4	2	2	3	1	1	2	33	27	43	0	0	0	0	0	0	0	0	0	0	0	0	0	0	0	0	0	0	0	0	0	0	0	0	0	0	0	0	0	0	0	0	0	69	61	81	10	9	12	10	8	12	10	8	12	9	8	11	8	7	10	8	7	9	6	5	7	5	4	5	3	3	4	69	61	81	1	1	1	0	0	0	0	0	0	0	0	0	0	0	0	0	0	0	0	0	0	0	0	0	0	0	0	1	0	1	1	1	1	3	2	3	0	0	0	0	0	0	0	0	0	0	0	0	0	0	0	0	0	0	0	0	1	1	1	1	1	1	1	3	2	3	0	0	0	0	0	0	0	0	0	0	0	0	0	0	0	0	0	0	0	0	0	0	0	0	0	0	0	0	0	0	0	0	0
2020-07-07	99870	99845	99895	16457	16453	16461	15772	15768	15776	15465	15461	15468	14235	14231	14238	12657	12654	12660	9777	9774	9779	7797	7795	7799	5081	5080	5083	2630	2629	2630	99870	99845	99895	0	0	1	0	0	0	0	0	0	0	0	0	0	0	0	0	0	0	0	0	0	0	0	0	0	0	0	0	0	0	0	0	1	1	1	1	0	0	0	0	0	0	0	0	0	0	0	0	0	0	0	0	0	0	0	0	0	0	0	0	0	0	0	1	1	1	20	15	27	3	2	4	3	2	4	3	2	4	3	2	4	2	2	3	2	2	3	2	1	2	1	1	2	1	1	1	20	15	27	35	28	45	5	4	7	5	4	7	5	4	7	5	4	6	4	3	6	3	3	5	3	2	4	2	2	3	2	1	2	35	28	45	0	0	0	0	0	0	0	0	0	0	0	0	0	0	0	0	0	0	0	0	0	0	0	0	0	0	0	0	0	0	0	0	0	74	65	88	11	9	13	10	9	13	10	9	12	10	8	12	9	8	11	9	8	10	6	6	7	5	5	6	4	3	4	74	65	88	1	1	1	0	0	0	0	0	0	0	0	0	0	0	0	0	0	0	0	0	0	0	0	0	0	0	0	1	1	1	1	1	1	3	2	3	0	0	0	0	0	0	0	0	0	0	0	0	0	0	0	0	0	0	0	0	1	1	1	1	1	1	1	3	2	3	0	0	0	0	0	0	0	0	0	0	0	0	0	0	0	0	0	0	0	0	0	0	0	0	0	0	0	0	0	0	0	0	0
2020-07-08	99863	99836	99890	16456	16451	16460	15771	15767	15775	15464	15459	15468	14234	14230	14238	12656	12653	12660	9776	9774	9779	7796	7794	7798	5081	5079	5082	2629	2629	2630	99863	99836	99890	0	0	1	0	0	0	0	0	0	0	0	0	0	0	0	0	0	0	0	0	0	0	0	0	0	0	0	0	0	0	0	0	1	1	1	1	0	0	0	0	0	0	0	0	0	0	0	0	0	0	0	0	0	0	0	0	0	0	0	0	0	0	0	1	1	1	21	16	29	3	2	5	3	2	4	3	2	4	3	2	4	3	2	4	2	2	3	2	1	2	1	1	2	1	1	1	21	16	29	36	29	47	6	4	7	5	4	7	5	4	7	5	4	7	4	4	6	4	3	5	3	3	4	2	2	3	2	1	2	36	29	47	0	0	0	0	0	0	0	0	0	0	0	0	0	0	0	0	0	0	0	0	0	0	0	0	0	0	0	0	0	0	0	0	0	79	69	94	12	10	14	11	10	14	11	10	13	10	9	13	10	8	12	9	8	11	7	6	8	5	5	6	4	4	4	79	69	94	1	1	1	0	0	0	0	0	0	0	0	0	0	0	0	0	0	0	0	0	0	0	0	0	0	0	0	1	1	1	1	1	1	3	3	3	0	0	0	0	0	0	0	0	0	0	0	0	0	0	0	0	0	0	1	0	1	1	1	1	1	1	1	3	3	3	0	0	0	0	0	0	0	0	0	0	0	0	0	0	0	0	0	0	0	0	0	0	0	0	0	0	0	0	0	0	0	0	0
2020-07-09	99856	99826	99884	16454	16450	16459	15770	15765	15775	15462	15458	15467	14233	14229	14237	12655	12652	12659	9775	9773	9778	7796	7793	7798	5080	5079	5082	2629	2628	2630	99856	99826	99884	1	0	1	0	0	0	0	0	0	0	0	0	0	0	0	0	0	0	0	0	0	0	0	0	0	0	0	0	0	0	1	0	1	1	1	1	0	0	0	0	0	0	0	0	0	0	0	0	0	0	0	0	0	0	0	0	0	0	0	0	0	0	0	1	1	1	21	16	30	3	3	5	3	2	5	3	2	5	3	2	4	3	2	4	2	2	3	2	1	2	1	1	2	1	1	1	21	16	30	38	30	50	6	5	8	6	4	8	6	4	7	5	4	7	5	4	6	4	3	5	3	3	4	2	2	3	2	1	2	38	30	50	0	0	0	0	0	0	0	0	0	0	0	0	0	0	0	0	0	0	0	0	0	0	0	0	0	0	0	0	0	0	0	0	0	84	73	101	12	11	15	12	10	15	12	10	14	11	10	14	10	9	12	10	8	11	7	6	9	6	5	6	4	4	4	84	73	101	1	1	1	0	0	0	0	0	0	0	0	0	0	0	0	0	0	0	0	0	0	0	0	0	0	0	0	1	1	1	1	1	1	3	3	3	0	0	0	0	0	0	0	0	0	0	0	0	0	0	0	0	0	0	1	0	1	1	1	1	1	1	1	3	3	3	0	0	0	0	0	0	0	0	0	0	0	0	0	0	0	0	0	0	0	0	0	0	0	0	0	0	0	0	0	0	0	0	0
2020-07-10	99848	99816	99879	16453	16448	16458	15769	15764	15774	15461	15456	15466	14232	14227	14236	12654	12650	12658	9775	9772	9778	7795	7792	7797	5080	5078	5082	2629	2628	2630	99848	99816	99879	1	0	1	0	0	0	0	0	0	0	0	0	0	0	0	0	0	0	0	0	0	0	0	0	0	0	0	0	0	0	1	0	1	1	1	1	0	0	0	0	0	0	0	0	0	0	0	0	0	0	0	0	0	0	0	0	0	0	0	0	0	0	0	1	1	1	22	17	31	3	3	5	3	3	5	3	2	5	3	2	4	3	2	4	2	2	3	2	1	3	1	1	2	1	1	1	22	17	31	39	31	52	6	5	8	6	5	8	6	5	8	5	4	7	5	4	7	4	3	5	3	3	4	2	2	3	2	1	2	39	31	52	0	0	0	0	0	0	0	0	0	0	0	0	0	0	0	0	0	0	0	0	0	0	0	0	0	0	0	0	0	0	0	0	0	90	77	108	13	11	16	13	11	16	13	11	16	12	10	15	11	9	13	10	9	12	8	7	9	6	5	7	4	4	5	90	77	108	1	1	1	0	0	0	0	0	0	0	0	0	0	0	0	0	0	0	0	0	0	0	0	0	0	0	0	1	1	1	1	1	1	3	3	4	0	0	0	0	0	0	0	0	0	0	0	0	0	0	0	0	0	0	1	1	1	1	1	1	1	1	1	3	3	4	0	0	0	0	0	0	0	0	0	0	0	0	0	0	0	0	0	0	0	0	0	0	0	0	0	0	0	0	0	0	0	0	0
2020-07-11	99840	99805	99873	16452	16446	16457	15768	15762	15773	15460	15455	15465	14231	14226	14235	12653	12649	12658	9774	9770	9777	7794	7792	7797	5079	5078	5081	2628	2627	2629	99840	99805	99873	1	0	1	0	0	0	0	0	0	0	0	0	0	0	0	0	0	0	0	0	0	0	0	0	0	0	0	0	0	0	1	0	1	1	1	1	0	0	0	0	0	0	0	0	0	0	0	0	0	0	0	0	0	0	0	0	0	0	0	0	0	0	0	1	1	1	23	17	33	4	3	5	3	3	5	3	3	5	3	2	5	3	2	4	2	2	3	2	1	3	1	1	2	1	1	1	23	17	33	41	32	55	6	5	9	6	5	8	6	5	8	6	4	8	5	4	7	4	3	5	3	3	5	2	2	3	2	1	2	41	32	55	0	0	0	0	0	0	0	0	0	0	0	0	0	0	0	0	0	0	0	0	0	0	0	0	0	0	0	0	0	0	0	0	0	95	82	116	14	12	18	14	12	17	13	11	17	13	11	16	12	10	14	11	9	13	8	7	10	6	6	7	4	4	5	95	82	116	1	1	2	0	0	0	0	0	0	0	0	0	0	0	0	0	0	0	0	0	0	0	0	0	0	0	0	1	1	1	1	1	2	3	3	4	0	0	0	0	0	0	0	0	0	0	0	0	0	0	0	0	0	0	1	1	1	1	1	1	1	1	1	3	3	4	0	0	0	0	0	0	0	0	0	0	0	0	0	0	0	0	0	0	0	0	0	0	0	0	0	0	0	0	0	0	0	0	0
2020-07-12	99832	99793	99868	16451	16444	16457	15766	15760	15772	15459	15453	15464	14229	14224	14235	12652	12648	12657	9773	9769	9777	7794	7791	7796	5079	5077	5081	2628	2627	2629	99832	99793	99868	1	0	1	0	0	0	0	0	0	0	0	0	0	0	0	0	0	0	0	0	0	0	0	0	0	0	0	0	0	0	1	0	1	1	1	1	0	0	0	0	0	0	0	0	0	0	0	0	0	0	0	0	0	0	0	0	0	0	0	0	0	0	0	1	1	1	24	18	34	4	3	6	4	3	5	4	3	5	3	2	5	3	2	4	2	2	3	2	1	3	1	1	2	1	1	1	24	18	34	42	33	58	7	5	9	6	5	9	6	5	9	6	4	8	5	4	7	4	3	6	4	3	5	3	2	3	2	1	2	42	33	58	0	0	0	0	0	0	0	0	0	0	0	0	0	0	0	0	0	0	0	0	0	0	0	0	0	0	0	0	0	0	0	0	0	101	86	124	15	13	19	15	12	18	14	12	18	13	11	17	12	10	15	11	10	13	9	8	10	7	6	8	5	4	5	101	86	124	1	1	2	0	0	0	0	0	0	0	0	0	0	0	0	0	0	0	0	0	0	0	0	0	0	0	0	1	1	1	1	1	2	4	3	4	0	0	0	0	0	0	0	0	0	0	0	0	0	0	0	0	0	0	1	1	1	1	1	1	1	1	1	4	3	4	0	0	0	0	0	0	0	0	0	0	0	0	0	0	0	0	0	0	0	0	0	0	0	0	0	0	0	0	0	0	0	0	0
2020-07-13	99823	99782	99862	16449	16442	16456	15765	15759	15771	15458	15451	15464	14228	14222	14234	12651	12646	12656	9772	9768	9776	7793	7790	7796	5079	5076	5080	2628	2627	2629	99823	99782	99862	1	0	1	0	0	0	0	0	0	0	0	0	0	0	0	0	0	0	0	0	0	0	0	0	0	0	0	0	0	0	1	0	1	1	1	1	0	0	0	0	0	0	0	0	0	0	0	0	0	0	0	0	0	0	0	0	0	0	0	0	0	0	0	1	1	1	24	18	36	4	3	6	4	3	6	4	3	5	3	2	5	3	2	5	2	2	4	2	2	3	1	1	2	1	1	1	24	18	36	44	34	60	7	5	10	7	5	9	6	5	9	6	5	8	5	4	8	4	3	6	4	3	5	3	2	3	2	1	2	44	34	60	0	0	0	0	0	0	0	0	0	0	0	0	0	0	0	0	0	0	0	0	0	0	0	0	0	0	0	0	0	0	0	0	0	107	91	132	16	13	20	16	13	20	15	13	19	14	12	18	13	11	16	12	10	14	9	8	11	7	6	8	5	4	5	107	91	132	2	1	2	0	0	0	0	0	0	0	0	0	0	0	0	0	0	0	0	0	0	0	0	0	0	0	1	1	1	1	2	1	2	4	3	4	0	0	0	0	0	0	0	0	0	0	0	0	0	0	0	0	0	0	1	1	1	1	1	1	1	1	2	4	3	4	0	0	0	0	0	0	0	0	0	0	0	0	0	0	0	0	0	0	0	0	0	0	0	0	0	0	0	0	0	0	0	0	0
2020-07-14	99814	99769	99856	16448	16440	16455	15764	15757	15770	15456	15449	15463	14227	14221	14233	12650	12645	12656	9771	9767	9775	7792	7789	7795	5078	5076	5080	2627	2626	2629	99814	99769	99856	1	1	1	0	0	0	0	0	0	0	0	0	0	0	0	0	0	0	0	0	0	0	0	0	0	0	0	0	0	0	1	1	1	1	1	1	0	0	0	0	0	0	0	0	0	0	0	0	0	0	0	0	0	0	0	0	0	0	0	0	0	0	0	1	1	1	25	19	38	4	3	6	4	3	6	4	3	6	4	3	5	3	2	5	3	2	4	2	2	3	1	1	2	1	1	1	25	19	38	45	35	63	7	5	10	7	5	10	7	5	9	6	5	9	6	4	8	5	4	6	4	3	5	3	2	4	2	2	2	45	35	63	0	0	0	0	0	0	0	0	0	0	0	0	0	0	0	0	0	0	0	0	0	0	0	0	0	0	0	0	0	0	0	0	0	113	96	141	17	14	22	16	14	21	16	14	21	15	13	19	14	12	17	13	11	15	10	8	12	7	6	9	5	5	6	113	96	141	2	1	2	0	0	0	0	0	0	0	0	0	0	0	0	0	0	0	0	0	0	0	0	0	0	0	1	1	1	1	2	1	2	4	3	5	0	0	0	0	0	0	0	0	0	0	0	0	0	0	0	0	0	0	1	1	1	1	1	1	1	1	2	4	3	5	0	0	0	0	0	0	0	0	0	0	0	0	0	0	0	0	0	0	0	0	0	0	0	0	0	0	0	0	0	0	0	0	0
2020-07-15	99805	99757	99850	16446	16438	16454	15762	15755	15770	15455	15447	15462	14226	14219	14232	12649	12643	12655	9770	9766	9775	7791	7788	7795	5077	5075	5080	2627	2626	2628	99805	99757	99850	1	1	1	0	0	0	0	0	0	0	0	0	0	0	0	0	0	0	0	0	0	0	0	0	0	0	0	0	0	0	1	1	1	1	1	1	0	0	0	0	0	0	0	0	0	0	0	0	0	0	0	0	0	0	0	0	0	0	0	0	0	0	0	1	1	1	26	19	39	4	3	6	4	3	6	4	3	6	4	3	5	3	2	5	3	2	4	2	2	3	2	1	2	1	1	1	26	19	39	47	36	66	7	6	11	7	5	10	7	5	10	6	5	9	6	4	8	5	4	7	4	3	5	3	2	4	2	2	2	47	36	66	0	0	0	0	0	0	0	0	0	0	0	0	0	0	0	0	0	0	0	0	0	0	0	0	0	0	0	0	0	0	0	0	0	120	101	150	18	15	23	17	14	22	17	14	22	16	13	20	15	12	19	13	11	16	10	9	13	8	7	9	5	5	6	120	101	150	2	2	2	0	0	0	0	0	0	0	0	0	0	0	0	0	0	0	0	0	0	0	0	0	0	0	1	1	1	1	2	2	2	4	4	5	0	0	0	0	0	0	0	0	0	0	0	0	0	0	0	0	0	0	1	1	1	1	1	1	2	1	2	4	4	5	0	0	0	0	0	0	0	0	0	0	0	0	0	0	0	0	0	0	0	0	0	0	0	0	0	0	0	0	0	0	0	0	0
2020-07-16	99796	99743	99844	16445	16436	16453	15761	15753	15769	15453	15445	15461	14224	14217	14231	12648	12641	12654	9769	9764	9774	7791	7787	7794	5077	5074	5079	2627	2625	2628	99796	99743	99844	1	1	1	0	0	0	0	0	0	0	0	0	0	0	0	0	0	0	0	0	0	0	0	0	0	0	0	0	0	0	1	1	1	1	1	1	0	0	0	0	0	0	0	0	0	0	0	0	0	0	0	0	0	0	0	0	0	0	0	0	0	0	0	1	1	1	27	20	41	4	3	7	4	3	6	4	3	6	4	3	6	3	2	5	3	2	4	2	2	3	2	1	2	1	1	1	27	20	41	49	37	69	8	6	11	7	6	11	7	5	10	7	5	10	6	5	9	5	4	7	4	3	6	3	2	4	2	2	2	49	37	69	0	0	0	0	0	0	0	0	0	0	0	0	0	0	0	0	0	0	0	0	0	0	0	0	0	0	0	0	0	0	0	0	0	127	106	159	19	16	25	19	15	24	18	15	23	17	14	22	16	13	20	14	12	17	11	9	13	8	7	10	5	5	6	127	106	159	2	2	2	0	0	0	0	0	0	0	0	0	0	0	0	0	0	0	0	0	0	0	0	0	1	0	1	1	1	1	2	2	2	4	4	5	0	0	0	0	0	0	0	0	0	0	0	0	0	0	0	0	0	0	1	1	1	1	1	1	2	1	2	4	4	5	0	0	1	0	0	0	0	0	0	0	0	0	0	0	0	0	0	0	0	0	0	0	0	0	0	0	0	0	0	0	0	0	1
2020-07-17	99786	99729	99837	16443	16434	16452	15759	15751	15768	15452	15443	15460	14223	14215	14230	12647	12640	12653	9769	9763	9774	7790	7785	7794	5076	5074	5079	2626	2625	2628	99786	99729	99837	1	1	1	0	0	0	0	0	0	0	0	0	0	0	0	0	0	0	0	0	0	0	0	0	0	0	0	0	0	0	1	1	1	1	1	1	0	0	0	0	0	0	0	0	0	0	0	0	0	0	0	0	0	0	0	0	0	0	0	0	0	0	0	1	1	1	28	20	43	4	3	7	4	3	7	4	3	6	4	3	6	3	2	5	3	2	4	2	2	3	2	1	2	1	1	1	28	20	43	51	38	73	8	6	12	8	6	11	8	6	11	7	5	10	6	5	9	5	4	7	4	3	6	3	2	4	2	2	3	51	38	73	0	0	0	0	0	0	0	0	0	0	0	0	0	0	0	0	0	0	0	0	0	0	0	0	0	0	0	0	0	0	0	0	0	134	112	169	20	17	26	20	16	25	19	16	25	18	15	23	16	14	21	15	12	18	11	10	14	8	7	10	6	5	7	134	112	169	2	2	2	0	0	0	0	0	0	0	0	0	0	0	0	0	0	0	0	0	0	0	0	0	1	0	1	1	1	1	2	2	2	5	4	5	0	0	0	0	0	0	0	0	0	0	0	0	0	0	0	0	0	0	1	1	1	1	1	2	2	2	2	5	4	5	0	0	1	0	0	0	0	0	0	0	0	0	0	0	0	0	0	0	0	0	0	0	0	0	0	0	0	0	0	0	0	0	1
2020-07-18	99776	99715	99831	16442	16432	16451	15758	15748	15767	15450	15441	15459	14222	14213	14230	12645	12638	12652	9768	9762	9773	7789	7784	7793	5076	5073	5079	2626	2625	2628	99776	99715	99831	1	1	1	0	0	0	0	0	0	0	0	0	0	0	0	0	0	0	0	0	0	0	0	0	0	0	0	0	0	0	1	1	1	1	1	1	0	0	0	0	0	0	0	0	0	0	0	0	0	0	0	0	0	0	0	0	0	0	0	0	0	0	0	1	1	1	29	20	45	5	3	7	4	3	7	4	3	7	4	3	6	4	3	6	3	2	4	2	2	4	2	1	2	1	1	1	29	20	45	52	39	76	8	6	12	8	6	12	8	6	11	7	5	11	7	5	10	5	4	8	4	3	6	3	2	4	2	2	3	52	39	76	0	0	0	0	0	0	0	0	0	0	0	0	0	0	0	0	0	0	0	0	0	0	0	0	0	0	0	0	0	0	0	0	0	141	117	180	21	17	28	21	17	27	20	17	26	19	16	25	17	14	22	15	13	19	12	10	15	9	8	11	6	5	7	141	117	180	2	2	2	0	0	0	0	0	0	0	0	0	0	0	0	0	0	0	0	0	0	0	0	0	1	1	1	1	1	1	2	2	2	5	4	6	0	0	0	0	0	0	0	0	0	0	0	0	0	0	0	0	0	0	1	1	1	1	1	2	2	2	2	5	4	6	1	0	1	0	0	0	0	0	0	0	0	0	0	0	0	0	0	0	0	0	0	0	0	0	0	0	0	0	0	0	1	0	1
2020-07-19	99765	99700	99824	16440	16429	16450	15756	15746	15766	15449	15439	15458	14220	14211	14229	12644	12636	12652	9766	9760	9772	7788	7783	7793	5075	5072	5078	2626	2624	2627	99765	99700	99824	1	1	1	0	0	0	0	0	0	0	0	0	0	0	0	0	0	0	0	0	0	0	0	0	0	0	0	0	0	0	1	1	1	1	1	1	0	0	0	0	0	0	0	0	0	0	0	0	0	0	0	0	0	0	0	0	0	0	0	0	0	0	1	1	1	1	30	21	47	5	3	8	5	3	7	4	3	7	4	3	7	4	3	6	3	2	5	2	2	4	2	1	3	1	1	1	30	21	47	54	40	79	9	6	13	8	6	12	8	6	12	8	6	11	7	5	10	5	4	8	4	3	6	3	2	4	2	2	3	54	40	79	0	0	0	0	0	0	0	0	0	0	0	0	0	0	0	0	0	0	0	0	0	0	0	0	0	0	0	0	0	0	0	0	0	148	123	191	23	18	30	22	18	29	21	17	28	20	16	26	18	15	24	16	13	20	13	11	16	9	8	11	6	6	7	148	123	191	2	2	2	0	0	0	0	0	0	0	0	0	0	0	0	0	0	0	0	0	0	0	0	0	1	1	1	1	1	1	2	2	2	5	4	6	0	0	0	0	0	0	0	0	0	0	0	0	0	0	0	0	0	1	1	1	1	1	1	2	2	2	2	5	4	6	1	1	1	0	0	0	0	0	0	0	0	0	0	0	0	0	0	0	0	0	0	0	0	0	0	0	0	0	0	0	1	1	1
2020-07-20	99755	99684	99817	16438	16427	16449	15755	15744	15765	15447	15436	15457	14219	14209	14228	12643	12634	12651	9765	9759	9772	7787	7782	7792	5075	5071	5078	2625	2624	2627	99755	99684	99817	1	1	1	0	0	0	0	0	0	0	0	0	0	0	0	0	0	0	0	0	0	0	0	0	0	0	0	0	0	0	1	1	1	1	1	1	0	0	0	0	0	0	0	0	0	0	0	0	0	0	0	0	0	0	0	0	0	0	0	0	0	0	1	1	1	1	31	21	49	5	3	8	5	3	8	5	3	7	4	3	7	4	3	6	3	2	5	2	2	4	2	1	3	1	1	2	31	21	49	56	41	83	9	6	13	9	6	13	8	6	13	8	6	12	7	5	10	6	4	8	5	3	7	3	3	5	2	2	3	56	41	83	0	0	0	0	0	0	0	0	0	0	0	0	0	0	0	0	0	0	0	0	0	0	0	0	0	0	0	0	0	0	0	0	0	156	128	202	24	19	32	23	19	30	23	18	30	21	17	28	19	16	25	17	14	21	13	11	17	10	8	12	6	6	7	156	128	202	2	2	3	0	0	0	0	0	0	0	0	0	0	0	0	0	0	0	0	0	0	0	0	0	1	1	1	1	1	1	2	2	3	5	4	6	0	0	0	0	0	0	0	0	0	0	0	0	0	0	0	0	0	1	1	1	1	1	1	2	2	2	2	5	4	6	1	1	1	0	0	0	0	0	0	0	0	0	0	0	0	0	0	0	0	0	0	0	0	0	0	0	0	0	0	0	1	1	1
2020-07-21	99744	99668	99811	16437	16424	16448	15753	15741	15764	15446	15434	15456	14217	14206	14227	12641	12632	12650	9764	9757	9771	7786	7781	7792	5074	5070	5077	2625	2623	2627	99744	99668	99811	1	1	1	0	0	0	0	0	0	0	0	0	0	0	0	0	0	0	0	0	0	0	0	0	0	0	0	0	0	0	1	1	1	1	1	1	0	0	0	0	0	0	0	0	0	0	0	0	0	0	0	0	0	0	0	0	0	0	0	0	0	0	1	1	1	1	32	22	51	5	3	8	5	3	8	5	3	8	4	3	7	4	3	6	3	2	5	3	2	4	2	1	3	1	1	2	32	22	51	58	42	87	9	7	14	9	6	13	9	6	13	8	6	12	7	5	11	6	4	9	5	4	7	3	3	5	2	2	3	58	42	87	0	0	0	0	0	0	0	0	0	0	0	0	0	0	0	0	0	0	0	0	0	0	0	0	0	0	0	0	0	0	0	0	0	164	134	214	25	20	34	24	19	32	24	19	32	22	18	30	20	16	27	18	15	23	14	12	18	10	9	13	7	6	8	164	134	214	2	2	3	0	0	0	0	0	0	0	0	0	0	0	0	0	0	0	0	0	0	0	0	0	1	1	1	1	1	1	2	2	3	5	5	7	0	0	0	0	0	0	0	0	0	0	0	0	0	0	0	0	0	1	1	1	1	2	1	2	2	2	2	5	5	7	1	1	1	0	0	0	0	0	0	0	0	0	0	0	0	0	0	0	0	0	0	0	0	0	0	0	0	0	0	0	1	1	1
2020-07-22	99732	99651	99804	16435	16421	16447	15751	15738	15763	15444	15431	15455	14216	14204	14226	12640	12630	12649	9763	9755	9770	7785	7779	7791	5073	5069	5077	2625	2623	2627	99732	99651	99804	1	1	1	0	0	0	0	0	0	0	0	0	0	0	0	0	0	0	0	0	0	0	0	0	0	0	0	0	0	0	1	1	1	1	1	1	0	0	0	0	0	0	0	0	0	0	0	0	0	0	0	0	0	0	0	0	0	0	0	0	0	0	1	1	1	1	33	22	53	5	4	9	5	3	8	5	3	8	5	3	7	4	3	7	3	2	5	3	2	4	2	1	3	1	1	2	33	22	53	60	44	91	10	7	15	9	7	14	9	6	14	8	6	13	7	5	11	6	4	9	5	4	7	3	3	5	2	2	3	60	44	91	0	0	0	0	0	0	0	0	0	0	0	0	0	0	0	0	0	0	0	0	0	0	0	0	0	0	0	0	0	0	0	0	0	173	140	227	26	21	36	26	20	34	25	20	34	24	19	31	21	17	28	18	15	24	15	12	19	11	9	13	7	6	8	173	140	227	2	2	3	0	0	0	0	0	0	0	0	0	0	0	0	0	0	0	0	0	0	0	0	0	1	1	1	1	1	1	2	2	3	6	5	7	0	0	0	0	0	0	0	0	0	0	0	0	0	0	0	0	0	1	1	1	1	2	1	2	2	2	2	6	5	7	1	1	1	0	0	0	0	0	0	0	0	0	0	0	0	0	0	0	0	0	0	0	0	0	0	0	0	0	0	0	1	1	1
2020-07-23	99721	99634	99796	16433	16419	16445	15749	15736	15761	15442	15429	15454	14214	14202	14225	12639	12628	12648	9762	9754	9769	7785	7778	7790	5073	5068	5077	2624	2622	2626	99721	99634	99796	1	1	1	0	0	0	0	0	0	0	0	0	0	0	0	0	0	0	0	0	0	0	0	0	0	0	0	0	0	0	1	1	1	1	1	1	0	0	0	0	0	0	0	0	0	0	0	0	0	0	0	0	0	0	0	0	0	0	0	0	0	0	1	1	1	1	34	23	55	5	4	9	5	3	9	5	3	8	5	3	8	4	3	7	3	2	5	3	2	4	2	1	3	1	1	2	34	23	55	62	45	95	10	7	15	9	7	15	9	7	14	9	6	13	8	6	12	6	4	9	5	4	8	4	3	5	2	2	3	62	45	95	0	0	0	0	0	0	0	0	0	0	0	0	0	0	0	0	0	0	0	0	0	0	0	0	0	0	0	0	0	0	0	0	0	181	147	240	28	22	38	27	21	36	26	21	36	25	20	33	22	18	30	19	16	25	15	13	20	11	9	14	7	6	9	181	147	240	3	2	3	0	0	0	0	0	0	0	0	0	0	0	0	0	0	0	0	0	0	0	0	1	1	1	1	1	1	1	3	2	3	6	5	7	0	0	0	0	0	0	0	0	0	0	0	0	0	0	0	0	0	1	1	1	2	2	1	2	2	2	2	6	5	7	1	1	1	0	0	0	0	0	0	0	0	0	0	0	0	0	0	0	0	0	0	0	0	0	0	0	0	0	0	0	1	1	1
2020-07-24	99709	99615	99789	16431	16416	16444	15748	15733	15760	15440	15426	15453	14212	14199	14224	12637	12625	12647	9761	9752	9769	7784	7776	7790	5072	5067	5076	2624	2621	2626	99709	99615	99789	1	1	1	0	0	0	0	0	0	0	0	0	0	0	0	0	0	0	0	0	0	0	0	0	0	0	0	0	0	0	1	1	1	1	1	1	0	0	0	0	0	0	0	0	0	0	0	0	0	0	0	0	0	0	0	0	0	0	0	0	1	0	1	1	1	1	35	24	57	6	4	9	5	4	9	5	4	9	5	3	8	4	3	7	3	2	6	3	2	5	2	1	3	1	1	2	35	24	57	64	46	99	10	7	16	10	7	15	10	7	15	9	6	14	8	6	12	6	5	10	5	4	8	4	3	5	2	2	3	64	46	99	0	0	0	0	0	0	0	0	0	0	0	0	0	0	0	0	0	0	0	0	0	0	0	0	0	0	0	0	0	0	0	0	0	190	153	254	29	23	40	28	22	38	28	22	38	26	21	35	24	19	32	20	17	26	16	13	21	12	10	15	8	7	9	190	153	254	3	2	3	0	0	0	0	0	0	0	0	0	0	0	0	0	0	0	0	0	0	0	0	1	1	1	1	1	1	1	3	2	3	6	5	8	0	0	0	0	0	0	0	0	0	0	0	0	0	0	0	1	0	1	1	1	2	2	1	2	2	2	3	6	5	8	1	1	1	0	0	0	0	0	0	0	0	0	0	0	0	0	0	0	0	0	0	0	0	0	0	0	0	0	0	0	1	1	1
2020-07-25	99696	99596	99781	16429	16413	16443	15746	15730	15759	15438	15423	15452	14211	14196	14223	12635	12623	12646	9760	9750	9768	7783	7775	7789	5071	5066	5076	2623	2621	2626	99696	99596	99781	1	1	1	0	0	0	0	0	0	0	0	0	0	0	0	0	0	0	0	0	0	0	0	0	0	0	0	0	0	0	1	1	1	1	1	1	0	0	0	0	0	0	0	0	0	0	0	0	0	0	0	0	0	0	0	0	0	0	0	0	1	0	1	1	1	1	36	24	60	6	4	10	5	4	9	5	4	9	5	3	8	4	3	8	4	2	6	3	2	5	2	1	3	1	1	2	36	24	60	66	47	103	11	7	17	10	7	16	10	7	16	9	6	14	8	6	13	7	5	10	5	4	8	4	3	6	2	2	3	66	47	103	0	0	0	0	0	0	0	0	0	0	0	0	0	0	0	0	0	0	0	0	0	0	0	0	0	0	0	0	0	0	0	0	0	199	160	268	31	24	42	30	23	41	29	23	40	27	22	37	25	20	33	21	17	28	17	14	22	12	10	15	8	7	9	199	160	268	3	2	3	0	0	0	0	0	0	0	0	0	0	0	0	0	0	0	0	0	0	0	0	1	1	1	1	1	1	2	3	2	3	6	5	8	0	0	0	0	0	0	0	0	0	0	0	0	0	0	0	1	0	1	1	1	2	2	2	2	2	2	3	6	5	8	1	1	1	0	0	0	0	0	0	0	0	0	0	0	0	0	0	0	0	0	0	0	0	0	0	0	0	0	0	0	1	1	1
2020-07-26	99683	99577	99774	16427	16409	16442	15744	15727	15758	15437	15420	15451	14209	14194	14222	12634	12620	12645	9758	9748	9767	7782	7773	7789	5071	5065	5075	2623	2620	2625	99683	99577	99774	1	1	1	0	0	0	0	0	0	0	0	0	0	0	0	0	0	0	0	0	0	0	0	0	0	0	0	0	0	0	1	1	1	1	1	2	0	0	0	0	0	0	0	0	0	0	0	0	0	0	0	0	0	0	0	0	0	0	0	0	1	0	1	1	1	2	37	25	62	6	4	10	6	4	10	6	4	9	5	3	9	5	3	8	4	2	6	3	2	5	2	1	3	1	1	2	37	25	62	68	48	108	11	8	17	10	7	17	10	7	16	10	7	15	9	6	14	7	5	11	6	4	9	4	3	6	2	2	3	68	48	108	0	0	0	0	0	0	0	0	0	0	0	0	0	0	0	0	0	0	0	0	0	0	0	0	0	0	0	0	0	0	0	0	0	209	166	283	32	25	45	31	24	43	31	24	42	29	22	39	26	20	35	22	18	29	17	14	23	13	11	16	8	7	10	209	166	283	3	2	4	0	0	0	0	0	0	0	0	0	0	0	0	0	0	0	0	0	0	0	0	1	1	1	1	1	1	2	3	2	4	7	6	9	0	0	0	0	0	0	0	0	0	0	0	0	0	0	0	1	0	1	1	1	2	2	2	2	2	2	3	7	6	9	1	1	1	0	0	0	0	0	0	0	0	0	0	0	0	0	0	0	0	0	0	0	0	0	0	0	0	0	0	0	1	1	1
2020-07-27	99670	99556	99766	16425	16406	16441	15742	15724	15757	15435	15417	15449	14207	14191	14221	12632	12618	12644	9757	9746	9766	7780	7772	7788	5070	5064	5075	2623	2620	2625	99670	99556	99766	1	1	1	0	0	0	0	0	0	0	0	0	0	0	0	0	0	0	0	0	0	0	0	0	0	0	0	0	0	0	1	1	1	1	1	2	0	0	0	0	0	0	0	0	0	0	0	0	0	0	0	0	0	0	0	0	0	0	0	0	1	0	1	1	1	2	38	25	65	6	4	11	6	4	10	6	4	10	5	3	9	5	3	8	4	2	6	3	2	5	2	1	3	1	1	2	38	25	65	70	49	112	11	8	18	11	7	17	11	7	17	10	7	16	9	6	14	7	5	11	6	4	9	4	3	6	2	2	4	70	49	112	0	0	0	0	0	0	0	0	0	0	0	0	0	0	0	0	0	0	0	0	0	0	0	0	0	0	0	0	0	0	0	0	0	219	173	298	34	26	47	33	25	45	32	25	45	30	23	41	27	21	37	23	19	31	18	15	24	13	11	17	8	7	10	219	173	298	3	3	4	0	0	0	0	0	0	0	0	0	0	0	0	0	0	0	0	0	0	0	0	1	1	1	1	1	1	2	3	3	4	7	6	9	0	0	0	0	0	0	0	0	0	0	0	0	0	0	0	1	0	1	1	1	2	2	2	3	2	2	3	7	6	9	1	1	1	0	0	0	0	0	0	0	0	0	0	0	0	0	0	0	0	0	0	0	0	0	0	0	0	0	0	0	1	1	1
2020-07-28	99657	99535	99758	16423	16403	16439	15740	15720	15756	15432	15414	15448	14205	14188	14219	12631	12615	12643	9756	9744	9766	7779	7770	7787	5069	5063	5074	2622	2619	2625	99657	99535	99758	1	1	1	0	0	0	0	0	0	0	0	0	0	0	0	0	0	0	0	0	0	0	0	0	0	0	0	0	0	0	1	1	1	1	1	2	0	0	0	0	0	0	0	0	0	0	0	0	0	0	0	0	0	0	0	0	0	0	0	1	1	0	1	1	1	2	39	26	67	6	4	11	6	4	10	6	4	10	5	4	10	5	3	8	4	3	7	3	2	5	2	1	4	1	1	2	39	26	67	73	50	117	12	8	19	11	8	18	11	7	18	10	7	16	9	6	15	7	5	12	6	4	9	4	3	6	3	2	4	73	50	117	0	0	0	0	0	0	0	0	0	0	0	0	0	0	0	0	0	0	0	0	0	0	0	0	0	0	0	0	0	0	0	0	0	229	180	315	36	27	50	34	26	48	34	26	47	31	24	44	28	22	39	24	19	32	19	15	26	14	11	18	9	8	11	229	180	315	3	3	4	0	0	0	0	0	0	0	0	0	0	0	0	0	0	0	0	0	0	1	0	1	1	1	1	1	1	2	3	3	4	7	6	9	0	0	0	0	0	0	0	0	0	0	0	0	0	0	0	1	0	1	1	1	2	2	2	3	3	2	3	7	6	9	1	1	1	0	0	0	0	0	0	0	0	0	0	0	0	0	0	0	0	0	0	0	0	0	0	0	0	0	0	1	1	1	1
2020-07-29	99643	99513	99750	16420	16399	16438	15737	15717	15754	15430	15410	15447	14203	14185	14218	12629	12612	12642	9754	9742	9765	7778	7768	7787	5068	5062	5074	2622	2618	2625	99643	99513	99750	1	1	1	0	0	0	0	0	0	0	0	0	0	0	0	0	0	0	0	0	0	0	0	0	0	0	0	0	0	0	1	1	1	1	1	2	0	0	0	0	0	0	0	0	0	0	0	0	0	0	0	0	0	0	0	0	0	0	0	1	1	0	1	1	1	2	40	26	70	6	4	11	6	4	11	6	4	11	6	4	10	5	3	9	4	3	7	3	2	6	2	2	4	1	1	2	40	26	70	75	52	122	12	8	20	11	8	19	11	8	19	10	7	17	9	6	15	7	5	12	6	4	10	4	3	7	3	2	4	75	52	122	0	0	0	0	0	0	0	0	0	0	0	0	0	0	0	0	0	0	0	0	0	0	0	0	0	0	0	0	0	0	0	0	0	239	187	331	37	29	53	36	28	51	35	27	50	33	25	46	30	23	42	25	20	34	20	16	27	14	12	19	9	8	11	239	187	331	3	3	4	0	0	0	0	0	0	0	0	0	0	0	0	0	0	0	0	0	0	1	0	1	1	1	1	2	1	2	3	3	4	8	6	10	0	0	0	0	0	0	0	0	0	0	0	0	0	0	1	1	1	1	2	1	2	2	2	3	3	2	3	8	6	10	1	1	1	0	0	0	0	0	0	0	0	0	0	0	0	0	0	0	0	0	0	0	0	0	0	0	0	0	0	1	1	1	1
2020-07-30	99628	99490	99742	16418	16395	16437	15735	15713	15753	15428	15407	15446	14201	14181	14217	12627	12609	12641	9753	9739	9764	7777	7766	7786	5068	5061	5073	2621	2618	2624	99628	99490	99742	1	1	1	0	0	0	0	0	0	0	0	0	0	0	0	0	0	0	0	0	0	0	0	0	0	0	0	0	0	0	1	1	1	1	1	2	0	0	0	0	0	0	0	0	0	0	0	0	0	0	0	0	0	0	0	0	0	0	0	1	1	1	1	1	1	2	41	27	73	7	4	12	6	4	11	6	4	11	6	4	10	5	3	9	4	3	7	3	2	6	2	2	4	1	1	2	41	27	73	77	53	127	12	8	21	12	8	20	12	8	19	11	7	18	10	7	16	8	5	13	6	4	10	4	3	7	3	2	4	77	53	127	0	0	0	0	0	0	0	0	0	0	0	0	0	0	0	0	0	0	0	0	0	0	0	0	0	0	0	0	0	0	0	0	0	250	195	349	39	30	55	38	29	53	37	28	52	34	26	49	31	24	44	26	21	36	21	17	28	15	12	20	9	8	12	250	195	349	3	3	4	0	0	0	0	0	0	0	0	0	0	0	0	0	0	0	0	0	0	1	0	1	1	1	1	2	1	2	3	3	4	8	6	10	0	0	0	0	0	0	0	0	0	0	0	0	0	0	1	1	1	1	2	1	2	2	2	3	3	2	3	8	6	10	1	1	1	0	0	0	0	0	0	0	0	0	0	0	0	0	0	0	0	0	0	0	0	0	0	0	0	0	0	1	1	1	1
2020-07-31	99614	99466	99733	16416	16391	16435	15733	15710	15752	15426	15403	15444	14199	14178	14216	12625	12606	12640	9751	9737	9763	7776	7764	7785	5067	5059	5073	2621	2617	2624	99614	99466	99733	1	1	2	0	0	0	0	0	0	0	0	0	0	0	0	0	0	0	0	0	0	0	0	0	0	0	0	0	0	0	1	1	2	1	1	2	0	0	0	0	0	0	0	0	0	0	0	0	0	0	0	0	0	0	0	0	0	0	0	1	1	1	1	1	1	2	42	27	76	7	4	12	7	4	12	6	4	12	6	4	11	5	3	10	4	3	7	3	2	6	2	2	4	1	1	2	42	27	76	80	54	132	13	9	21	12	8	21	12	8	20	11	7	19	10	7	17	8	5	13	6	4	11	4	3	7	3	2	4	80	54	132	0	0	0	0	0	0	0	0	0	0	0	0	0	0	0	0	0	0	0	0	0	0	0	0	0	0	0	0	0	0	0	0	0	261	202	367	41	31	58	39	30	56	39	29	55	36	27	51	33	25	46	27	21	38	22	17	30	15	13	20	10	8	12	261	202	367	4	3	5	0	0	0	0	0	0	0	0	0	0	0	0	0	0	0	0	0	0	1	0	1	1	1	1	2	1	2	4	3	5	8	7	11	0	0	0	0	0	0	0	0	0	0	0	0	0	0	1	1	1	1	2	1	2	2	2	3	3	2	4	8	7	11	1	1	1	0	0	0	0	0	0	0	0	0	0	0	0	0	0	0	0	0	0	0	0	0	0	0	0	1	0	1	1	1	1
2020-08-01	99598	99442	99725	16413	16387	16434	15731	15706	15751	15424	15399	15443	14197	14174	14215	12623	12603	12639	9750	9735	9762	7775	7762	7785	5066	5058	5072	2620	2616	2624	99598	99442	99725	1	1	2	0	0	0	0	0	0	0	0	0	0	0	0	0	0	0	0	0	0	0	0	0	0	0	0	0	0	0	1	1	2	1	1	2	0	0	0	0	0	0	0	0	0	0	0	0	0	0	0	0	0	0	0	0	0	0	0	1	1	1	1	1	1	2	44	28	79	7	4	13	7	4	12	7	4	12	6	4	11	5	3	10	4	3	8	4	2	6	2	2	4	1	1	2	44	28	79	82	55	138	13	9	22	13	8	21	12	8	21	11	8	19	10	7	17	8	5	14	7	5	11	5	3	7	3	2	4	82	55	138	0	0	0	0	0	0	0	0	0	0	0	0	0	0	0	0	0	0	0	0	0	0	0	0	0	0	0	0	0	0	0	0	0	272	210	386	43	32	62	41	31	59	40	31	58	38	29	54	34	26	49	28	22	40	23	18	31	16	13	21	10	9	13	272	210	386	4	3	5	0	0	0	0	0	0	0	0	0	0	0	0	0	0	0	0	0	0	1	0	1	1	1	1	2	1	2	4	3	5	9	7	11	0	0	0	0	0	0	0	0	0	0	0	0	0	0	1	1	1	1	2	1	2	2	2	3	3	2	4	9	7	11	1	1	1	0	0	0	0	0	0	0	0	0	0	0	0	0	0	0	0	0	0	0	0	0	0	0	0	1	0	1	1	1	1
2020-08-02	99583	99416	99716	16411	16383	16433	15728	15702	15749	15421	15395	15442	14195	14171	14214	12621	12600	12638	9748	9732	9761	7773	7760	7784	5065	5057	5072	2620	2615	2623	99583	99416	99716	1	1	2	0	0	0	0	0	0	0	0	0	0	0	0	0	0	0	0	0	0	0	0	0	0	0	0	0	0	1	1	1	2	1	1	2	0	0	0	0	0	0	0	0	0	0	0	0	0	0	0	0	0	0	0	0	0	0	0	1	1	1	1	1	1	2	45	28	82	7	5	13	7	4	13	7	4	13	6	4	12	6	4	10	4	3	8	4	2	7	2	2	4	1	1	2	45	28	82	84	56	144	14	9	23	13	9	22	13	8	22	12	8	20	11	7	18	8	6	14	7	5	11	5	3	8	3	2	4	84	56	144	0	0	0	0	0	0	0	0	0	0	0	0	0	0	0	0	0	0	0	0	0	0	0	0	0	0	0	0	0	0	0	0	0	284	218	406	44	33	65	43	32	62	42	32	61	39	30	57	35	27	51	30	23	42	23	18	33	17	13	22	10	9	13	284	218	406	4	3	5	0	0	0	0	0	0	0	0	0	0	0	0	0	0	0	0	0	0	1	1	1	1	1	1	2	2	2	4	3	5	9	7	12	0	0	0	0	0	0	0	0	0	0	0	0	0	0	1	1	1	1	2	1	3	2	2	3	3	3	4	9	7	12	1	1	1	0	0	0	0	0	0	0	0	0	0	0	0	0	0	0	0	0	0	0	0	0	0	0	0	1	0	1	1	1	1
2020-08-03	99567	99390	99707	16408	16379	16431	15726	15698	15748	15419	15391	15441	14192	14167	14212	12619	12597	12637	9747	9730	9761	7772	7758	7783	5064	5055	5071	2619	2615	2623	99567	99390	99707	1	1	2	0	0	0	0	0	0	0	0	0	0	0	0	0	0	0	0	0	0	0	0	0	0	0	0	0	0	1	1	1	2	2	1	2	0	0	0	0	0	0	0	0	0	0	0	0	0	0	0	0	0	0	0	0	0	0	0	1	1	1	1	2	1	2	46	29	85	7	5	14	7	4	13	7	4	13	6	4	12	6	4	11	5	3	8	4	2	7	3	2	5	1	1	2	46	29	85	87	58	149	14	9	24	13	9	23	13	9	23	12	8	21	11	7	19	9	6	15	7	5	12	5	3	8	3	2	5	87	58	149	0	0	0	0	0	0	0	0	0	0	0	0	0	0	0	0	0	0	0	0	0	0	0	0	0	0	0	0	0	0	0	0	0	296	226	427	46	35	68	45	34	66	44	33	64	41	31	60	37	28	54	31	24	44	24	19	34	17	14	24	11	9	14	296	226	427	4	3	5	0	0	0	0	0	0	0	0	0	0	0	0	0	0	0	0	0	0	1	1	1	1	1	2	2	2	2	4	3	5	9	7	12	0	0	0	0	0	0	0	0	0	0	0	0	0	0	1	1	1	1	2	1	3	3	2	4	3	3	4	9	7	12	1	1	1	0	0	0	0	0	0	0	0	0	0	0	0	0	0	0	0	0	0	0	0	0	0	0	0	1	1	1	1	1	1
2020-08-04	99550	99362	99698	16405	16375	16430	15723	15693	15747	15416	15387	15439	14190	14163	14211	12617	12593	12636	9745	9727	9760	7771	7756	7782	5063	5054	5071	2619	2614	2623	99550	99362	99698	1	1	2	0	0	0	0	0	0	0	0	0	0	0	0	0	0	0	0	0	0	0	0	0	0	0	1	0	0	1	1	1	2	2	1	2	0	0	0	0	0	0	0	0	0	0	0	0	0	0	0	0	0	0	0	0	0	0	0	1	1	1	1	2	1	2	47	29	89	8	5	14	7	5	14	7	4	14	7	4	13	6	4	11	5	3	9	4	2	7	3	2	5	2	1	3	47	29	89	90	59	156	14	9	25	14	9	24	14	9	24	13	8	22	11	7	20	9	6	15	7	5	12	5	3	8	3	2	5	90	59	156	0	0	0	0	0	0	0	0	0	0	0	0	0	0	0	0	0	0	0	0	0	0	0	0	0	0	0	0	0	0	0	0	0	309	234	449	48	36	72	47	35	69	46	34	68	43	32	63	39	29	56	32	25	46	25	20	36	18	14	25	11	9	14	309	234	449	4	3	5	0	0	0	0	0	0	0	0	0	0	0	0	0	0	0	0	0	0	1	1	1	1	1	2	2	2	2	4	3	5	10	8	13	0	0	0	0	0	0	0	0	0	0	0	0	0	0	1	1	1	1	2	2	3	3	2	4	3	3	4	10	8	13	1	1	2	0	0	0	0	0	0	0	0	0	0	0	0	0	0	0	0	0	0	0	0	0	0	0	0	1	1	1	1	1	2
2020-08-05	99533	99334	99689	16403	16370	16428	15721	15689	15745	15414	15383	15438	14188	14159	14210	12615	12590	12635	9744	9724	9759	7770	7754	7782	5062	5052	5070	2618	2613	2622	99533	99334	99689	1	1	2	0	0	0	0	0	0	0	0	0	0	0	0	0	0	0	0	0	0	0	0	0	0	0	1	0	0	1	1	1	2	2	1	2	0	0	0	0	0	0	0	0	0	0	0	0	0	0	0	0	0	0	0	0	0	0	0	1	1	1	1	2	1	2	49	30	92	8	5	15	8	5	14	7	5	14	7	4	13	6	4	12	5	3	9	4	2	7	3	2	5	2	1	3	49	30	92	92	60	162	15	10	26	14	9	25	14	9	25	13	8	23	12	7	20	9	6	16	7	5	13	5	3	9	3	2	5	92	60	162	0	0	0	0	0	0	0	0	0	0	0	0	0	0	0	0	0	0	0	0	0	0	0	0	0	0	0	0	0	0	0	0	0	322	243	471	51	37	75	49	36	73	48	35	71	45	33	66	40	30	59	33	26	48	26	20	38	19	15	26	12	10	15	322	243	471	4	4	6	0	0	0	0	0	0	0	0	0	0	0	0	0	0	0	0	0	0	1	1	1	1	1	2	2	2	2	4	4	6	10	8	14	0	0	0	0	0	0	0	0	0	0	0	0	0	0	1	1	1	1	2	2	3	3	2	4	3	3	4	10	8	14	1	1	2	0	0	0	0	0	0	0	0	0	0	0	0	0	0	0	0	0	0	0	0	0	0	0	1	1	1	1	1	1	2
2020-08-06	99516	99304	99680	16400	16365	16427	15718	15684	15744	15411	15378	15436	14185	14155	14209	12613	12586	12634	9742	9721	9758	7768	7752	7781	5061	5051	5070	2618	2612	2622	99516	99304	99680	1	1	2	0	0	0	0	0	0	0	0	0	0	0	0	0	0	0	0	0	0	0	0	0	0	0	1	0	0	1	1	1	2	2	1	2	0	0	0	0	0	0	0	0	0	0	0	0	0	0	0	0	0	0	0	0	0	1	0	1	1	1	1	2	1	2	50	31	96	8	5	16	8	5	15	8	5	15	7	4	14	6	4	12	5	3	9	4	2	8	3	2	5	2	1	3	50	31	96	95	61	168	15	10	27	15	9	26	14	9	26	13	9	24	12	8	21	9	6	17	8	5	13	5	4	9	3	2	5	95	61	168	0	0	0	0	0	0	0	0	0	0	0	0	0	0	0	0	0	0	0	0	0	0	0	0	0	0	0	0	0	0	0	0	0	335	251	494	53	39	79	51	37	76	50	37	75	46	34	69	42	31	62	35	26	50	28	21	40	19	15	27	12	10	16	335	251	494	4	4	6	0	0	0	0	0	0	0	0	0	0	0	0	0	0	0	0	0	0	1	1	1	1	1	2	2	2	3	4	4	6	10	8	14	0	0	0	0	0	0	0	0	0	0	0	0	1	0	1	1	1	1	2	2	3	3	2	4	3	3	4	10	8	14	1	1	2	0	0	0	0	0	0	0	0	0	0	0	0	0	0	0	0	0	0	0	0	0	0	0	1	1	1	1	1	1	2
2020-08-07	99498	99274	99670	16397	16360	16425	15715	15680	15742	15408	15374	15435	14183	14151	14207	12611	12582	12632	9740	9718	9757	7767	7749	7780	5060	5049	5069	2617	2611	2622	99498	99274	99670	1	1	2	0	0	0	0	0	0	0	0	0	0	0	0	0	0	0	0	0	0	0	0	0	0	0	1	0	0	1	1	1	2	2	1	3	0	0	0	0	0	0	0	0	0	0	0	0	0	0	0	0	0	0	0	0	0	1	0	1	1	1	1	2	1	3	52	31	100	8	5	16	8	5	16	8	5	15	7	4	14	6	4	13	5	3	10	4	3	8	3	2	5	2	1	3	52	31	100	98	63	175	16	10	29	15	10	27	15	9	27	14	9	25	12	8	22	10	6	17	8	5	14	5	4	9	3	2	5	98	63	175	0	0	0	0	0	0	0	0	0	0	0	0	0	0	0	0	0	0	0	0	0	0	0	0	0	0	0	0	0	0	0	0	0	348	260	519	55	40	83	53	39	80	52	38	79	48	36	73	44	32	65	36	27	53	29	22	42	20	16	28	12	10	16	348	260	519	5	4	6	0	0	0	0	0	0	0	0	0	0	0	0	0	0	0	0	0	0	1	1	1	1	1	2	2	2	3	5	4	6	11	8	15	0	0	0	0	0	0	0	0	0	0	0	0	1	0	1	1	1	1	2	2	3	3	2	4	4	3	5	11	8	15	1	1	2	0	0	0	0	0	0	0	0	0	0	0	0	0	0	0	0	0	0	0	0	0	0	0	1	1	1	1	1	1	2
2020-08-08	99480	99242	99661	16394	16355	16424	15712	15675	15741	15406	15369	15434	14180	14146	14206	12608	12578	12631	9738	9715	9756	7765	7747	7779	5059	5047	5069	2617	2610	2621	99480	99242	99661	1	1	2	0	0	0	0	0	0	0	0	0	0	0	0	0	0	0	0	0	0	0	0	0	0	0	1	0	0	1	1	1	2	2	1	3	0	0	0	0	0	0	0	0	0	0	0	0	0	0	0	0	0	0	0	0	0	1	0	1	1	1	1	2	1	3	53	32	103	9	5	17	8	5	16	8	5	16	7	4	15	7	4	13	5	3	10	4	3	8	3	2	5	2	1	3	53	32	103	100	64	182	16	10	30	16	10	28	15	10	28	14	9	26	13	8	23	10	6	18	8	5	14	6	4	10	3	2	5	100	64	182	0	0	0	0	0	0	0	0	0	0	0	0	0	0	0	0	0	0	0	0	0	0	0	0	0	0	0	0	0	0	0	0	0	362	269	544	57	42	87	55	40	84	54	39	83	50	37	76	45	33	69	37	28	55	30	23	44	21	16	29	13	11	17	362	269	544	5	4	6	0	0	0	0	0	0	0	0	0	0	0	0	0	0	0	0	0	0	1	1	1	1	1	2	2	2	3	5	4	6	11	9	16	0	0	0	0	0	0	0	0	0	0	0	0	1	0	1	1	1	1	2	2	3	3	2	4	4	3	5	11	9	16	1	1	2	0	0	0	0	0	0	0	0	0	0	0	0	0	0	0	0	0	0	0	0	0	0	0	1	1	1	1	1	1	2
2020-08-09	99461	99209	99651	16391	16350	16422	15709	15669	15739	15403	15364	15432	14177	14142	14205	12606	12574	12630	9736	9712	9755	7764	7744	7779	5058	5046	5068	2616	2609	2621	99461	99209	99651	1	1	2	0	0	0	0	0	0	0	0	0	0	0	0	0	0	0	0	0	0	0	0	0	0	0	1	0	0	1	1	1	2	2	1	3	0	0	0	0	0	0	0	0	0	0	0	0	0	0	0	0	0	0	0	0	1	1	0	1	1	1	1	2	1	3	54	32	108	9	5	18	8	5	17	8	5	17	8	5	15	7	4	14	5	3	11	4	3	8	3	2	6	2	1	3	54	32	108	103	65	190	17	10	31	16	10	30	16	10	29	15	9	27	13	8	24	10	6	19	8	5	15	6	4	10	3	2	6	103	65	190	0	0	0	0	0	0	0	0	0	0	0	0	0	0	0	0	0	0	0	0	0	0	0	0	0	0	0	0	0	0	0	0	0	377	278	570	60	43	92	57	42	88	56	41	87	52	38	80	47	35	72	39	29	58	31	23	46	22	17	31	13	11	18	377	278	570	5	4	7	0	0	0	0	0	0	0	0	0	0	0	0	0	0	0	0	0	0	1	1	1	1	1	2	2	2	3	5	4	7	11	9	16	0	0	0	0	0	0	0	0	0	0	0	0	1	0	1	1	1	1	2	2	4	3	2	5	4	3	5	11	9	16	1	1	2	0	0	0	0	0	0	0	0	0	0	0	0	0	0	0	0	0	0	0	0	0	0	0	1	1	1	1	1	1	2
2020-08-10	99442	99175	99641	16388	16344	16421	15706	15664	15738	15400	15358	15431	14175	14137	14203	12603	12570	12629	9735	9708	9754	7762	7741	7778	5057	5044	5068	2615	2608	2621	99442	99175	99641	1	1	2	0	0	0	0	0	0	0	0	0	0	0	0	0	0	0	0	0	0	0	0	1	0	0	1	0	0	1	1	1	2	2	1	3	0	0	0	0	0	0	0	0	0	0	0	0	0	0	0	0	0	0	0	0	1	1	0	1	1	1	1	2	1	3	56	33	112	9	5	18	9	5	17	9	5	17	8	5	16	7	4	14	6	3	11	4	3	9	3	2	6	2	1	3	56	33	112	106	66	197	17	11	32	16	10	31	16	10	30	15	9	28	13	8	25	10	7	19	9	5	16	6	4	10	3	2	6	106	66	197	0	0	0	0	0	0	0	0	0	0	0	0	0	0	0	0	0	0	0	0	0	0	0	0	0	0	0	0	0	0	0	0	0	392	287	598	62	45	96	60	43	93	59	42	91	54	39	84	49	36	75	40	30	60	32	24	48	22	17	32	14	11	18	392	287	598	5	4	7	0	0	0	0	0	0	0	0	0	0	0	0	0	0	0	0	0	0	1	1	1	2	1	2	2	2	3	5	4	7	12	9	17	0	0	0	0	0	0	0	0	0	0	0	0	1	0	1	1	1	2	2	2	4	3	3	5	4	3	5	12	9	17	2	1	2	0	0	0	0	0	0	0	0	0	0	0	0	0	0	0	0	0	0	0	0	0	0	0	1	1	1	1	2	1	2
2020-08-11	99422	99140	99631	16385	16338	16419	15703	15659	15736	15397	15353	15429	14172	14132	14202	12601	12565	12627	9733	9705	9753	7761	7739	7777	5056	5042	5067	2615	2607	2620	99422	99140	99631	1	1	2	0	0	0	0	0	0	0	0	0	0	0	0	0	0	0	0	0	0	0	0	1	0	0	1	0	0	1	1	1	2	2	1	3	0	0	0	0	0	0	0	0	0	0	0	0	0	0	0	0	0	0	0	0	1	1	0	1	1	1	1	2	1	3	57	34	116	9	5	19	9	5	18	9	5	18	8	5	16	7	4	15	6	3	11	5	3	9	3	2	6	2	1	3	57	34	116	109	68	205	18	11	33	17	10	32	17	10	31	15	9	29	14	8	26	11	7	20	9	6	16	6	4	11	3	2	6	109	68	205	0	0	0	0	0	0	0	0	0	0	0	0	0	0	0	0	0	0	0	0	0	0	0	0	0	0	0	0	0	0	0	0	0	407	297	626	64	46	101	62	44	97	61	44	95	57	41	88	51	37	79	42	31	63	33	25	50	23	18	34	14	11	19	407	297	626	5	4	7	0	0	0	0	0	0	0	0	0	0	0	0	0	0	0	0	0	0	1	1	1	2	1	2	2	2	3	5	4	7	12	9	18	0	0	0	0	0	0	0	0	0	0	0	0	1	0	1	1	1	2	3	2	4	3	3	5	4	3	5	12	9	18	2	1	2	0	0	0	0	0	0	0	0	0	0	0	0	0	0	0	0	0	0	0	0	0	1	0	1	1	1	1	2	1	2
2020-08-12	99401	99103	99621	16381	16332	16418	15700	15653	15735	15394	15347	15428	14169	14127	14200	12598	12561	12626	9731	9701	9752	7759	7736	7776	5055	5040	5066	2614	2606	2620	99401	99103	99621	1	1	2	0	0	0	0	0	0	0	0	0	0	0	0	0	0	0	0	0	0	0	0	1	0	0	1	0	0	1	1	1	2	2	1	3	0	0	0	0	0	0	0	0	0	0	0	0	0	0	0	0	0	0	0	0	1	1	0	1	1	1	1	2	1	3	59	34	120	10	5	20	9	5	19	9	5	19	8	5	17	7	4	15	6	3	12	5	3	9	3	2	6	2	1	3	59	34	120	112	69	213	18	11	35	17	11	33	17	10	33	16	10	30	14	9	27	11	7	21	9	6	17	6	4	11	4	2	6	112	69	213	0	0	0	0	0	0	0	0	0	0	0	0	0	0	0	0	0	0	0	0	0	0	0	0	0	0	0	0	0	0	0	0	0	423	306	656	67	48	106	64	46	102	63	45	100	59	42	92	53	38	83	43	32	66	34	26	52	24	18	35	14	12	20	423	306	656	6	4	8	0	0	0	0	0	0	0	0	0	0	0	0	0	0	0	0	0	0	1	1	1	2	1	2	2	2	3	6	4	8	13	10	19	0	0	0	0	0	0	0	0	0	0	0	0	1	0	1	1	1	2	3	2	4	4	3	5	4	3	6	13	10	19	2	1	2	0	0	0	0	0	0	0	0	0	0	0	0	0	0	0	0	0	0	0	0	0	1	0	1	1	1	1	2	1	2
2020-08-13	99380	99065	99610	16378	16326	16416	15697	15647	15733	15390	15342	15426	14166	14121	14199	12596	12556	12625	9728	9698	9751	7757	7733	7775	5054	5038	5066	2614	2605	2620	99380	99065	99610	1	1	3	0	0	0	0	0	0	0	0	0	0	0	0	0	0	0	0	0	0	0	0	1	0	0	1	0	0	1	1	1	3	2	1	3	0	0	0	0	0	0	0	0	0	0	0	0	0	0	0	0	0	0	0	0	1	1	0	1	1	1	1	2	1	3	60	35	125	10	6	20	9	5	20	9	5	19	9	5	18	8	4	16	6	3	12	5	3	10	3	2	7	2	1	4	60	35	125	115	70	221	19	11	36	18	11	35	18	11	34	16	10	31	15	9	28	11	7	22	9	6	18	6	4	12	4	2	6	115	70	221	0	0	0	0	0	0	0	0	0	0	0	0	0	0	0	0	0	0	0	0	0	0	0	0	0	0	0	0	0	0	0	0	0	439	316	686	70	49	111	67	47	107	66	47	105	61	43	97	55	39	87	45	33	69	36	26	55	25	19	37	15	12	20	439	316	686	6	5	8	0	0	0	0	0	0	0	0	0	0	0	0	0	0	0	0	0	0	1	1	1	2	1	2	3	2	3	6	5	8	13	10	19	0	0	0	0	0	0	0	0	0	0	0	0	1	0	1	1	1	2	3	2	4	4	3	5	4	3	6	13	10	19	2	1	2	0	0	0	0	0	0	0	0	0	0	0	0	0	0	0	0	0	0	0	0	0	1	0	1	1	1	1	2	1	2
2020-08-14	99359	99026	99600	16374	16320	16414	15693	15641	15731	15387	15336	15424	14163	14116	14197	12593	12551	12624	9726	9694	9750	7756	7730	7774	5053	5036	5065	2613	2604	2619	99359	99026	99600	1	1	3	0	0	0	0	0	0	0	0	0	0	0	0	0	0	0	0	0	0	0	0	1	0	0	1	0	0	1	1	1	3	2	2	3	0	0	0	0	0	0	0	0	0	0	0	0	0	0	0	0	0	0	0	0	1	1	0	1	1	1	1	2	2	3	62	35	130	10	6	21	10	5	20	9	5	20	9	5	18	8	4	16	6	4	13	5	3	10	3	2	7	2	1	4	62	35	130	119	72	230	19	11	38	18	11	36	18	11	35	17	10	33	15	9	29	12	7	23	9	6	18	6	4	12	4	2	7	119	72	230	0	0	0	0	0	0	0	0	0	0	0	0	0	0	0	0	0	0	0	0	0	0	0	0	0	0	0	0	0	0	0	0	0	455	326	718	72	51	116	70	49	112	68	48	109	63	45	101	57	41	91	47	34	72	37	27	57	26	19	38	15	12	21	455	326	718	6	5	8	0	0	0	0	0	0	0	0	0	0	0	0	0	0	0	0	0	0	1	1	2	2	1	3	3	2	4	6	5	8	14	10	20	0	0	0	0	0	0	0	0	0	0	0	0	1	0	1	1	1	2	3	2	4	4	3	6	4	4	6	14	10	20	2	2	2	0	0	0	0	0	0	0	0	0	0	0	0	0	0	0	0	0	0	0	0	0	1	0	1	1	1	1	2	2	2
2020-08-15	99337	98986	99589	16371	16313	16412	15690	15634	15730	15384	15329	15423	14160	14110	14196	12590	12546	12622	9724	9690	9749	7754	7726	7774	5052	5034	5065	2612	2603	2619	99337	98986	99589	2	1	3	0	0	0	0	0	0	0	0	0	0	0	0	0	0	0	0	0	0	0	0	1	0	0	1	0	0	1	2	1	3	2	2	3	0	0	0	0	0	0	0	0	0	0	0	0	0	0	0	0	0	0	0	0	1	1	0	1	1	1	1	2	2	3	64	36	135	10	6	22	10	6	21	10	5	21	9	5	19	8	5	17	6	4	13	5	3	11	3	2	7	2	1	4	64	36	135	122	73	239	20	12	39	19	11	37	19	11	37	17	10	34	15	9	30	12	7	23	10	6	19	7	4	13	4	3	7	122	73	239	0	0	0	0	0	0	0	0	0	0	0	0	0	0	0	0	0	0	0	0	0	0	0	0	0	0	0	0	0	0	0	0	0	472	337	751	75	52	122	72	51	117	71	50	115	66	46	106	59	42	95	48	35	76	38	28	60	26	20	40	16	13	22	472	337	751	6	5	9	0	0	0	0	0	0	0	0	0	0	0	0	0	0	0	0	0	0	1	1	2	2	1	3	3	2	4	6	5	9	14	11	21	0	0	0	0	0	0	0	0	0	0	0	0	1	1	1	1	1	2	3	2	5	4	3	6	5	4	6	14	11	21	2	2	3	0	0	0	0	0	0	0	0	0	0	0	0	0	0	0	0	0	0	0	0	0	1	0	1	1	1	1	2	2	3
2020-08-16	99314	98944	99578	16367	16306	16411	15686	15628	15728	15380	15323	15421	14157	14104	14194	12587	12540	12621	9722	9686	9748	7752	7723	7773	5051	5032	5064	2612	2602	2618	99314	98944	99578	2	1	3	0	0	0	0	0	0	0	0	0	0	0	0	0	0	0	0	0	0	0	0	1	0	0	1	0	0	1	2	1	3	2	2	4	0	0	0	0	0	0	0	0	0	0	0	0	0	0	0	0	0	0	0	0	1	1	0	1	1	1	1	2	2	4	65	37	140	11	6	23	10	6	22	10	6	22	9	5	20	8	5	18	6	4	14	5	3	11	4	2	7	2	1	4	65	37	140	125	74	248	20	12	41	19	11	39	19	11	38	18	10	35	16	9	31	12	7	24	10	6	20	7	4	13	4	3	7	125	74	248	0	0	0	0	0	0	0	0	0	0	0	0	0	0	0	0	0	0	0	0	0	0	0	0	0	0	0	0	0	0	0	0	0	490	347	786	78	54	127	75	52	122	74	51	120	68	48	111	61	43	99	50	36	79	40	29	62	27	21	42	16	13	23	490	347	786	6	5	9	0	0	0	0	0	0	0	0	0	0	0	0	0	0	0	0	0	0	1	1	2	2	1	3	3	2	4	6	5	9	14	11	22	0	0	0	0	0	0	0	0	0	0	0	0	1	1	1	1	1	2	3	2	5	4	3	6	5	4	7	14	11	22	2	2	3	0	0	0	0	0	0	0	0	0	0	0	0	0	0	0	0	0	0	0	0	0	1	0	1	1	1	1	2	2	3
2020-08-17	99291	98900	99567	16363	16299	16409	15683	15621	15726	15377	15316	15419	14154	14098	14193	12584	12535	12619	9720	9681	9747	7750	7720	7772	5049	5029	5063	2611	2601	2618	99291	98900	99567	2	1	3	0	0	0	0	0	0	0	0	0	0	0	0	0	0	0	0	0	0	0	0	1	0	0	1	0	0	1	2	1	3	2	2	4	0	0	0	0	0	0	0	0	0	0	0	0	0	0	0	0	0	0	0	0	1	1	0	1	1	1	1	2	2	4	67	37	145	11	6	24	10	6	23	10	6	22	9	5	21	8	5	18	7	4	14	5	3	11	4	2	8	2	1	4	67	37	145	128	76	258	21	12	42	20	12	40	20	11	40	18	11	37	16	10	33	13	8	25	10	6	20	7	4	14	4	3	7	128	76	258	0	0	0	0	0	0	0	0	0	0	0	0	0	0	0	0	0	0	0	0	0	0	0	0	0	0	0	0	0	0	0	0	0	508	358	822	81	56	133	78	54	128	76	53	126	71	49	116	64	45	104	52	37	83	41	30	65	28	21	43	17	13	24	508	358	822	7	5	10	0	0	0	0	0	0	0	0	0	0	0	0	0	0	0	0	0	0	1	1	2	2	2	3	3	2	4	7	5	10	15	11	23	0	0	0	0	0	0	0	0	0	0	0	1	1	1	1	1	1	2	3	2	5	4	3	6	5	4	7	15	11	23	2	2	3	0	0	0	0	0	0	0	0	0	0	0	0	0	0	0	0	0	0	0	0	0	1	1	1	1	1	1	2	2	3
2020-08-18	99267	98855	99556	16360	16292	16407	15679	15614	15725	15373	15309	15418	14150	14091	14191	12581	12529	12618	9717	9677	9746	7748	7716	7771	5048	5027	5063	2610	2599	2618	99267	98855	99556	2	1	3	0	0	0	0	0	0	0	0	0	0	0	0	0	0	0	0	0	0	0	0	1	0	0	1	1	0	1	2	1	3	2	2	4	0	0	0	0	0	0	0	0	0	0	0	0	0	0	0	0	0	0	0	0	1	1	0	1	1	1	2	2	2	4	69	38	150	11	6	25	11	6	24	11	6	23	10	5	21	9	5	19	7	4	15	5	3	12	4	2	8	2	1	4	69	38	150	132	77	268	21	12	44	21	12	42	20	12	41	19	11	38	17	10	34	13	8	26	11	6	21	7	4	14	4	3	8	132	77	268	0	0	0	0	0	0	0	0	0	0	0	0	0	0	0	0	0	0	0	0	0	0	0	0	0	0	0	0	0	0	0	0	0	526	369	859	84	58	139	81	56	134	79	55	131	73	51	121	66	46	109	54	38	86	43	31	68	29	22	45	17	14	25	526	369	859	7	5	10	0	0	0	0	0	0	0	0	0	0	0	0	0	0	0	0	0	1	1	1	2	2	2	3	3	2	4	7	5	10	15	11	24	0	0	0	0	0	0	0	0	0	0	0	1	1	1	1	1	1	2	3	2	5	4	3	7	5	4	7	15	11	24	2	2	3	0	0	0	0	0	0	0	0	0	0	0	0	0	0	0	0	0	0	0	0	0	1	1	1	1	1	1	2	2	3
2020-08-19	99243	98808	99544	16356	16284	16405	15675	15607	15723	15369	15302	15416	14147	14085	14190	12578	12523	12617	9715	9672	9744	7746	7712	7770	5047	5025	5062	2609	2598	2617	99243	98808	99544	2	1	3	0	0	0	0	0	0	0	0	0	0	0	0	0	0	0	0	0	0	0	0	1	0	0	1	1	0	1	2	1	3	2	2	4	0	0	0	0	0	0	0	0	0	0	0	0	0	0	0	0	0	0	0	0	1	1	1	1	1	1	2	2	2	4	70	39	156	11	6	26	11	6	25	11	6	24	10	5	22	9	5	20	7	4	15	6	3	12	4	2	8	2	1	4	70	39	156	135	79	278	22	13	45	21	12	44	21	12	43	19	11	39	17	10	35	13	8	27	11	6	22	7	4	15	4	3	8	135	79	278	0	0	0	0	0	0	0	0	0	0	0	0	0	0	0	0	0	0	0	0	0	0	0	0	0	0	0	0	0	0	0	0	0	545	380	897	87	59	146	84	57	140	82	56	137	76	52	127	68	47	113	55	39	90	44	31	71	30	22	47	18	14	26	545	380	897	7	5	10	0	0	0	0	0	0	0	0	0	0	0	0	0	0	0	0	0	1	1	1	2	2	2	3	3	2	4	7	5	10	16	12	25	0	0	0	0	0	0	0	0	0	0	0	1	1	1	1	1	1	2	3	2	5	5	3	7	5	4	7	16	12	25	2	2	3	0	0	0	0	0	0	0	0	0	0	0	0	0	0	0	0	0	0	0	0	0	1	1	1	1	1	1	2	2	3
2020-08-20	99218	98760	99533	16352	16276	16403	15671	15599	15721	15366	15295	15414	14143	14078	14188	12575	12517	12615	9712	9668	9743	7744	7709	7769	5045	5022	5061	2609	2597	2617	99218	98760	99533	2	1	3	0	0	0	0	0	0	0	0	0	0	0	0	0	0	0	0	0	0	0	0	1	0	0	1	1	0	1	2	1	3	2	2	4	0	0	0	0	0	0	0	0	0	0	0	0	0	0	0	0	0	0	0	0	1	1	1	1	1	1	2	2	2	4	72	39	162	12	6	27	11	6	25	11	6	25	10	6	23	9	5	20	7	4	16	6	3	13	4	2	8	2	1	5	72	39	162	139	80	289	23	13	47	22	12	45	21	12	44	20	11	41	18	10	36	14	8	28	11	6	23	7	4	15	4	3	8	139	80	289	0	0	0	0	0	0	0	0	0	0	0	0	0	0	0	0	0	0	0	0	0	0	0	0	0	0	0	0	0	0	0	0	0	564	391	937	90	61	152	87	59	146	85	58	144	79	54	133	71	49	119	57	40	94	46	32	74	31	23	49	18	14	27	564	391	937	7	6	11	0	0	0	0	0	0	0	0	0	0	0	0	0	0	0	0	0	1	1	1	2	2	2	3	3	3	5	7	6	11	16	12	26	0	0	0	0	0	0	0	0	0	0	0	1	1	1	1	1	1	2	4	2	6	5	3	7	5	4	8	16	12	26	2	2	3	0	0	0	0	0	0	0	0	0	0	0	0	0	0	0	0	0	0	0	0	0	1	1	1	1	1	1	2	2	3
2020-08-21	99192	98710	99521	16347	16268	16402	15667	15591	15719	15362	15287	15413	14140	14071	14186	12572	12511	12614	9710	9663	9742	7742	7705	7768	5044	5020	5061	2608	2595	2617	99192	98710	99521	2	1	3	0	0	0	0	0	0	0	0	0	0	0	0	0	0	0	0	0	0	0	0	1	1	0	1	1	0	1	2	1	3	2	2	4	0	0	0	0	0	0	0	0	0	0	0	0	0	0	0	0	0	0	0	0	1	1	1	1	1	1	2	2	2	4	74	40	168	12	6	28	12	6	26	11	6	26	10	6	24	9	5	21	7	4	16	6	3	13	4	2	9	2	1	5	74	40	168	143	82	300	23	13	49	22	13	47	22	12	46	20	11	43	18	10	38	14	8	29	11	7	24	8	5	16	4	3	8	143	82	300	0	0	0	0	0	0	0	0	0	0	0	0	0	0	0	0	0	0	0	0	0	0	0	0	0	0	0	0	0	0	0	0	0	584	402	979	93	63	159	90	61	153	88	60	150	82	56	139	73	50	124	59	41	98	47	33	77	32	24	51	19	15	28	584	402	979	7	6	11	0	0	0	0	0	0	0	0	0	0	0	0	0	0	0	0	0	1	1	1	2	2	2	3	3	3	5	7	6	11	17	12	27	0	0	0	0	0	0	0	0	0	0	0	1	1	1	1	1	1	2	4	3	6	5	3	8	5	4	8	17	12	27	2	2	3	0	0	0	0	0	0	0	0	0	0	0	0	0	0	0	0	0	0	0	0	1	1	1	1	1	1	1	2	2	3
2020-08-22	99166	98659	99509	16343	16260	16400	15663	15583	15717	15358	15279	15411	14136	14064	14185	12569	12504	12612	9707	9658	9741	7740	7701	7767	5043	5017	5060	2607	2594	2616	99166	98659	99509	2	1	4	0	0	0	0	0	0	0	0	0	0	0	0	0	0	0	0	0	0	0	0	1	1	0	1	1	0	1	2	1	4	3	2	4	0	0	0	0	0	0	0	0	0	0	0	0	0	0	0	0	0	0	0	0	1	1	1	1	1	1	2	3	2	4	76	41	174	12	7	29	12	6	27	12	6	27	11	6	25	10	5	22	7	4	17	6	3	14	4	2	9	2	1	5	76	41	174	146	83	311	24	13	51	23	13	49	22	13	48	21	12	44	18	10	39	14	8	31	12	7	25	8	5	16	4	3	9	146	83	311	0	0	0	0	0	0	0	0	0	0	0	0	0	0	0	0	0	0	0	0	0	0	0	0	0	0	0	0	0	0	0	0	0	605	414	1022	97	65	166	93	63	160	91	62	157	85	57	145	76	52	129	61	43	102	49	34	81	33	24	53	19	15	29	605	414	1022	8	6	12	0	0	0	0	0	0	0	0	0	0	0	0	0	0	0	0	0	1	1	1	2	2	2	4	3	3	5	8	6	12	18	13	28	0	0	0	0	0	0	0	0	0	0	0	1	1	1	2	2	1	3	4	3	6	5	4	8	6	4	8	18	13	28	2	2	3	0	0	0	0	0	0	0	0	0	0	0	0	0	0	0	0	0	0	0	0	1	1	1	1	1	1	2	2	2	3
2020-08-23	99139	98606	99497	16339	16251	16398	15659	15575	15716	15353	15271	15409	14132	14056	14183	12565	12498	12611	9705	9653	9740	7738	7696	7766	5041	5014	5059	2606	2592	2616	99139	98606	99497	2	1	4	0	0	0	0	0	0	0	0	0	0	0	0	0	0	0	0	0	0	0	0	1	1	0	1	1	0	1	2	1	4	3	2	5	0	0	0	0	0	0	0	0	0	0	0	0	0	0	0	0	0	0	0	0	1	1	1	1	1	1	2	3	2	5	78	41	180	13	7	30	12	6	28	12	6	28	11	6	26	10	5	23	8	4	18	6	3	14	4	2	9	2	1	5	78	41	180	150	84	323	24	14	53	23	13	51	23	13	50	21	12	46	19	11	41	15	8	32	12	7	25	8	5	17	5	3	9	150	84	323	0	0	0	0	0	0	0	0	0	0	0	0	0	0	0	0	0	0	0	0	0	0	0	0	0	0	0	0	0	0	0	0	0	626	426	1067	100	67	174	96	64	167	95	63	164	88	59	151	79	53	135	63	44	107	50	35	84	34	25	56	20	15	30	626	426	1067	8	6	12	0	0	0	0	0	0	0	0	0	0	0	0	0	0	0	0	0	1	1	1	2	2	2	4	3	3	5	8	6	12	18	13	29	0	0	0	0	0	0	0	0	0	0	0	1	1	1	2	2	1	3	4	3	6	5	4	8	6	4	9	18	13	29	3	2	4	0	0	0	0	0	0	0	0	0	0	0	0	0	0	0	0	0	0	0	0	1	1	1	1	1	1	2	3	2	4
2020-08-24	99112	98551	99485	16334	16242	16396	15655	15566	15714	15349	15262	15407	14128	14048	14181	12562	12491	12609	9702	9647	9739	7736	7692	7765	5040	5011	5059	2606	2591	2615	99112	98551	99485	2	1	4	0	0	0	0	0	0	0	0	0	0	0	0	0	0	0	0	0	0	0	0	1	1	0	1	1	0	1	2	1	4	3	2	5	0	0	0	0	0	0	0	0	0	0	0	0	0	0	0	0	0	0	1	0	1	1	1	1	1	1	2	3	2	5	80	42	187	13	7	31	12	6	29	12	6	29	11	6	27	10	5	24	8	4	18	6	3	15	4	2	10	2	1	5	80	42	187	154	86	335	25	14	55	24	13	53	24	13	52	22	12	48	19	11	42	15	9	33	12	7	26	8	5	17	5	3	9	154	86	335	0	0	0	0	0	0	0	0	0	0	0	0	0	0	0	0	0	0	0	0	0	0	0	0	0	0	0	0	0	0	0	0	0	647	438	1114	104	69	181	100	66	174	98	65	171	91	61	158	81	55	141	66	45	111	52	36	88	35	25	58	21	16	31	647	438	1114	8	6	13	0	0	0	0	0	0	0	0	0	0	0	0	0	0	0	0	0	1	1	1	2	3	2	4	4	3	5	8	6	13	19	13	30	0	0	0	0	0	0	0	0	1	0	0	1	1	1	2	2	1	3	4	3	7	5	4	9	6	4	9	19	13	30	3	2	4	0	0	0	0	0	0	0	0	0	0	0	0	0	0	0	0	0	0	0	0	1	1	1	1	1	1	2	3	2	4
2020-08-25	99083	98494	99472	16330	16232	16394	15650	15557	15712	15345	15254	15405	14124	14040	14180	12558	12484	12608	9699	9642	9737	7734	7688	7764	5038	5008	5058	2605	2589	2615	99083	98494	99472	2	1	4	0	0	0	0	0	0	0	0	0	0	0	0	0	0	0	0	0	0	0	0	1	1	0	1	1	0	1	2	1	4	3	2	5	0	0	0	0	0	0	0	0	0	0	0	0	0	0	0	0	0	0	1	0	1	1	1	2	1	1	2	3	2	5	82	43	194	13	7	32	13	7	30	13	6	30	12	6	28	10	5	25	8	4	19	6	3	15	4	2	10	2	1	5	82	43	194	158	87	347	26	14	57	25	13	55	24	13	53	22	12	49	20	11	44	16	9	34	13	7	27	8	5	18	5	3	10	158	87	347	0	0	0	0	0	0	0	0	0	0	0	0	0	0	0	0	0	0	0	0	0	0	0	0	0	0	0	0	0	0	0	0	0	669	450	1162	107	71	189	103	68	182	101	67	178	94	62	165	84	56	147	68	46	116	54	37	92	37	26	60	21	16	32	669	450	1162	9	6	13	0	0	0	0	0	0	0	0	0	0	0	0	0	0	0	0	0	1	2	1	2	3	2	4	4	3	5	9	6	13	19	14	32	0	0	0	0	0	0	0	0	1	0	0	1	1	1	2	2	1	3	4	3	7	5	4	9	6	5	9	19	14	32	3	2	4	0	0	0	0	0	0	0	0	0	0	0	0	0	0	0	0	0	0	0	0	1	1	1	1	1	1	2	3	2	4
2020-08-26	99054	98435	99460	16325	16223	16392	15646	15548	15710	15340	15244	15403	14120	14032	14178	12555	12476	12606	9696	9636	9736	7731	7683	7763	5037	5005	5057	2604	2588	2615	99054	98435	99460	2	1	4	0	0	0	0	0	0	0	0	0	0	0	0	0	0	0	0	0	0	0	0	1	1	0	1	1	0	1	2	1	4	3	2	5	0	0	0	0	0	0	0	0	0	0	0	0	0	0	0	0	0	0	1	0	1	1	1	2	1	1	2	3	2	5	84	43	201	14	7	33	13	7	32	13	7	31	12	6	29	11	5	25	8	4	20	7	3	16	4	2	10	2	1	6	84	43	201	162	89	360	26	14	59	25	14	57	25	13	56	23	12	51	20	11	46	16	9	35	13	7	28	9	5	19	5	3	10	162	89	360	0	0	0	0	0	0	0	0	0	0	0	0	0	0	0	0	0	0	0	0	0	0	0	0	0	0	0	0	0	0	0	0	0	692	463	1212	111	73	198	107	70	190	105	69	186	97	64	172	87	58	154	70	47	121	56	38	96	38	27	63	22	16	34	692	463	1212	9	7	14	0	0	0	0	0	0	0	0	0	0	0	0	0	0	0	0	0	1	2	1	3	3	2	4	4	3	6	9	7	14	20	14	33	0	0	0	0	0	0	0	0	1	0	0	1	1	1	2	2	1	3	4	3	7	6	4	9	6	5	10	20	14	33	3	2	4	0	0	0	0	0	0	0	0	0	0	0	0	0	0	0	0	0	0	0	0	1	1	1	1	1	1	2	3	2	4
2020-08-27	99025	98374	99447	16320	16213	16390	15641	15538	15708	15336	15235	15401	14116	14023	14176	12551	12468	12604	9693	9630	9735	7729	7678	7762	5035	5002	5057	2603	2586	2614	99025	98374	99447	2	1	4	0	0	0	0	0	0	0	0	0	0	0	0	0	0	0	0	0	0	0	0	1	1	0	1	1	0	1	2	1	4	3	2	5	0	0	0	0	0	0	0	0	0	0	0	0	0	0	0	0	0	0	1	0	1	1	1	2	1	1	2	3	2	5	86	44	208	14	7	34	13	7	33	13	7	32	12	6	30	11	6	26	8	4	20	7	4	16	5	2	11	3	1	6	86	44	208	166	90	374	27	15	61	26	14	59	25	14	58	23	13	53	21	11	47	16	9	37	13	7	29	9	5	19	5	3	10	166	90	374	0	0	0	0	0	0	0	0	0	0	0	0	0	0	0	0	0	0	0	0	0	0	0	0	0	0	0	0	0	0	0	0	0	715	475	1264	115	75	206	110	72	198	108	71	194	100	66	179	90	59	160	72	49	126	57	39	100	39	27	65	22	17	35	715	475	1264	9	7	14	0	0	0	0	0	0	0	0	0	0	0	0	0	0	0	0	0	1	2	1	3	3	2	4	4	3	6	9	7	14	20	14	34	0	0	0	0	0	0	0	0	1	0	0	1	1	1	2	2	1	3	4	3	8	6	4	10	6	5	10	20	14	34	3	2	4	0	0	0	0	0	0	0	0	0	0	0	0	0	0	0	0	0	0	0	0	1	1	1	1	1	1	2	3	2	4
2020-08-28	98994	98311	99434	16315	16203	16388	15636	15528	15706	15331	15225	15399	14112	14014	14174	12547	12460	12603	9690	9624	9734	7727	7673	7761	5034	4999	5056	2602	2584	2614	98994	98311	99434	2	1	4	0	0	0	0	0	0	0	0	0	0	0	0	0	0	0	0	0	0	0	0	1	1	0	1	1	0	1	2	1	4	3	2	6	0	0	0	0	0	0	0	0	0	0	0	0	0	0	0	0	0	0	1	0	1	1	1	2	1	1	2	3	2	6	88	45	216	14	7	35	14	7	34	13	7	33	12	6	31	11	6	27	9	4	21	7	4	17	5	2	11	3	1	6	88	45	216	171	92	388	28	15	63	27	14	61	26	14	60	24	13	55	22	12	49	17	9	38	14	7	30	9	5	20	5	3	11	171	92	388	0	0	0	0	0	0	0	0	0	0	0	0	0	0	0	0	0	0	0	0	0	0	0	0	0	0	0	0	0	0	0	0	0	739	488	1318	119	77	215	114	74	207	112	73	203	104	68	187	93	61	167	75	50	131	59	40	104	40	28	68	23	17	36	739	488	1318	9	7	15	0	0	0	0	0	0	0	0	0	0	0	0	0	0	0	0	0	1	2	1	3	3	2	5	4	3	6	9	7	15	21	15	36	0	0	0	0	0	0	0	0	1	0	0	1	1	1	2	2	1	3	5	3	8	6	4	10	7	5	10	21	15	36	3	2	4	0	0	0	0	0	0	0	0	0	0	0	0	0	0	0	0	0	0	0	0	1	1	1	1	1	1	2	3	2	4
2020-08-29	98963	98246	99421	16310	16192	16386	15632	15518	15704	15326	15215	15397	14107	14005	14172	12543	12452	12601	9687	9617	9732	7724	7668	7760	5032	4995	5055	2601	2582	2613	98963	98246	99421	2	1	5	0	0	0	0	0	0	0	0	0	0	0	0	0	0	0	0	0	0	0	0	1	1	0	1	1	0	1	2	1	5	3	2	6	0	0	0	0	0	0	0	0	0	0	0	0	0	0	0	0	0	0	1	0	1	1	1	2	1	1	2	3	2	6	90	45	223	15	7	37	14	7	35	14	7	34	13	6	32	11	6	28	9	4	22	7	4	18	5	2	12	3	1	6	90	45	223	175	93	402	28	15	66	27	14	63	27	14	62	25	13	57	22	12	51	17	9	39	14	8	32	9	5	21	5	3	11	175	93	402	0	0	0	0	0	0	0	0	0	0	0	0	0	0	0	0	0	0	0	0	0	0	0	0	0	0	0	0	0	0	0	0	0	764	501	1373	123	79	224	118	76	215	116	75	211	107	70	195	96	63	174	77	51	137	61	41	108	41	29	71	24	18	38	764	501	1373	10	7	16	0	0	0	0	0	0	0	0	0	0	0	0	0	0	0	0	0	1	2	1	3	3	2	5	4	3	6	10	7	16	22	15	37	0	0	0	0	0	0	0	0	1	0	0	1	1	1	2	2	1	3	5	3	8	6	4	11	7	5	11	22	15	37	3	2	5	0	0	0	0	0	0	0	0	0	0	0	0	0	0	0	0	0	0	0	0	1	1	1	2	1	1	2	3	2	5
2020-08-30	98931	98179	99408	16305	16181	16383	15627	15508	15702	15322	15205	15395	14103	13995	14171	12539	12444	12599	9684	9611	9731	7722	7663	7759	5030	4992	5054	2600	2580	2613	98931	98179	99408	2	1	5	0	0	0	0	0	0	0	0	0	0	0	0	0	0	0	0	0	0	0	0	1	1	0	1	1	0	1	2	1	5	3	2	6	0	0	0	0	0	0	0	0	0	0	0	0	0	0	0	0	0	0	1	0	1	1	1	2	1	1	2	3	2	6	92	46	231	15	7	38	14	7	36	14	7	36	13	6	33	12	6	29	9	5	23	7	4	18	5	3	12	3	1	6	92	46	231	179	95	417	29	15	68	28	15	65	27	14	64	25	13	59	23	12	53	18	9	41	14	8	33	10	5	22	5	3	12	179	95	417	0	0	0	0	0	0	0	0	0	0	0	0	0	0	0	0	0	0	0	0	0	0	0	0	0	0	0	0	0	0	0	0	0	789	515	1431	127	81	234	122	78	225	120	77	220	111	71	203	99	64	181	79	53	143	63	42	113	43	29	74	24	18	39	789	515	1431	10	7	16	0	0	0	0	0	0	0	0	0	0	0	0	0	0	0	1	0	1	2	1	3	3	2	5	4	3	7	10	7	16	22	16	39	0	0	0	0	0	0	0	0	1	0	0	1	1	1	2	2	1	4	5	3	9	6	4	11	7	5	11	22	16	39	3	2	5	0	0	0	0	0	0	0	0	0	0	0	0	0	0	0	0	0	0	0	0	1	1	1	2	1	1	2	3	2	5
2020-08-31	98899	98109	99394	16300	16169	16381	15621	15497	15700	15317	15194	15393	14098	13985	14169	12535	12435	12598	9681	9604	9730	7719	7657	7758	5029	4988	5054	2599	2579	2612	98899	98109	99394	2	1	5	0	0	0	0	0	0	0	0	0	0	0	0	0	0	0	0	0	0	1	0	1	1	0	1	1	0	1	2	1	5	3	2	6	0	0	0	0	0	0	0	0	0	0	0	0	0	0	0	0	0	0	1	0	1	1	1	2	1	1	2	3	2	6	95	47	240	15	8	39	15	7	38	15	7	37	13	7	34	12	6	30	9	5	23	7	4	19	5	3	12	3	1	7	95	47	240	184	97	432	30	16	71	29	15	68	28	15	67	26	14	61	23	12	55	18	10	42	15	8	34	10	5	22	5	3	12	184	97	432	0	0	0	0	0	0	0	0	0	0	0	0	0	0	0	0	0	0	0	0	0	0	0	0	0	0	0	0	0	0	0	0	0	814	528	1491	131	83	244	126	80	234	124	79	230	115	73	212	103	66	189	82	54	149	65	43	117	44	30	77	25	18	40	814	528	1491	10	7	17	0	0	0	0	0	0	0	0	0	0	0	0	0	0	0	1	0	1	2	1	3	3	2	5	4	3	7	10	7	17	23	16	40	0	0	0	0	0	0	0	0	1	1	0	1	1	1	2	2	1	4	5	3	9	7	4	11	7	5	12	23	16	40	3	3	5	0	0	0	0	0	0	0	0	0	0	0	0	0	0	0	0	0	0	0	0	1	1	1	2	2	1	2	3	3	5